""	"baseMean"	"log2FoldChange"	"lfcSE"	"stat"	"pvalue"	"padj"
"CaT2T04g01383"	27.4720883624395	-1.64323947821303	0.411681077945342	-3.99153511357449	6.56469658988502e-05	0.000997049348502396
"CaT2T11g02056"	233.025854211297	-1.55336331150769	0.237566427416345	-6.53864827787875	6.2077320871939e-11	3.41202120716329e-09
"CaT2T01g03211"	69.3686865457405	-1.64561724435145	0.283677350416932	-5.80101739505401	6.59137613508764e-09	2.65560245032295e-07
"CaT2T01g03217"	54.6414227069038	-1.77775965885812	0.331709884370901	-5.35938102124904	8.35075682297779e-08	2.76502837027487e-06
"CaT2T09g02521"	745.599770679801	-1.31562795109505	0.224775269804494	-5.85308140098937	4.82547794736012e-09	2.00008539189862e-07
"CaT2T03g00735"	2550.86401911527	-1.04510316581946	0.166827755935039	-6.26456407065986	3.7386981838733e-10	1.82541410762898e-08
"CaT2T12g03825"	114.096548420548	-1.09362959871636	0.301667881115063	-3.62527689283308	0.000288652006835481	0.00343213160528797
"CaT2T12g02193"	79.3076595787071	-1.79396619683227	0.279698594411892	-6.41392639317457	1.41818701523058e-10	7.31699831977474e-09
"CaT2T01g02500"	1257.94871170661	-1.32644986840732	0.157927875807244	-8.39908636538807	4.49965790769033e-17	4.92228400484301e-15
"CaT2T03g00782"	30.6345665880562	-1.16352943693201	0.39583387169969	-2.93943879015678	0.00328807209558699	0.0245915353094442
"CaT2T08g01391"	736.284378575409	-2.31258149618281	0.521955958362737	-4.43060656580466	9.39683956949822e-06	0.000190627905069492
"CaT2T01g00221"	154.798133730591	-1.12461201001902	0.206196567755754	-5.45407725385203	4.92277983168215e-08	1.69492682491622e-06
"CaT2T03g00902"	12.9465813774381	-1.67159991930433	0.582690112657408	-2.86876314355303	0.00412080258714563	0.0293900729847178
"CaT2T09g01642"	71.9552713213692	-1.16553710360562	0.31951413925289	-3.6478420214234	0.000264452151574038	0.00320137643865955
"CaT2T02g03051"	43.0588165771471	-1.54415719494742	0.416923345947671	-3.70369567920821	0.000212481139463185	0.00266609580372197
"CaT2T01g00052"	85.4979287899983	-1.0559433311423	0.251246461052749	-4.20281872515852	2.63611690365356e-05	0.000454263654663491
"CaT2T02g02837"	652.945006874581	-1.02398168437272	0.196004426675664	-5.22427835809614	1.74835605317369e-07	5.4349974861608e-06
"CaT2T08g03001"	36.7103190703939	-1.67780393428319	0.400770120452107	-4.18644965944684	2.8335174094047e-05	0.00048346016687217
"CaT2T06g01961"	29.4695958905418	-1.84299139785063	0.452058618890391	-4.07688587461153	4.56428808846648e-05	0.000727759735434084
"CaT2T03g02548"	19.0227410059924	-1.59627668710006	0.484204416342696	-3.29669997468651	0.000978279436408761	0.00927404685386715
"CaT2T09g00236"	36.0785909673239	-1.75520243368239	0.407703488709674	-4.30509544874723	1.66913753271666e-05	0.000311212223467904
"CaT2T04g00627"	363.145649193619	-1.804506006889	0.17708091978932	-10.190290456114	2.19108586937193e-24	4.255137996205e-22
"CaT2T04g02120"	58.5356956871261	-1.00901216197764	0.353672997511521	-2.85295221596546	0.00433151342292006	0.030502098936805
"CaT2T01g00399"	46.925782325319	-1.77042988040413	0.407131965648196	-4.34854059564059	1.37046453008746e-05	0.000264660435061805
"CaT2T01g00398"	59.2401976086859	-1.24871108371296	0.37327809499746	-3.3452567949948	0.000822064196392918	0.00818730266825576
"CaT2T08g02560"	68.1514893056678	-1.09143698619555	0.306041530393571	-3.56630351701599	0.000362052029565956	0.00414967326194826
"CaT2T08g03212"	20.8272730322642	-1.38244706537365	0.459540219191307	-3.00832660045831	0.0026269066207839	0.0205631585297232
"CaT2T08g03213"	100.389839041157	-1.33337385739825	0.249237554030819	-5.34981119752674	8.80460376953179e-08	2.89864326766833e-06
"CaT2T02g02467"	16.2096868422427	-1.70835476038782	0.540183346548151	-3.16254614531243	0.00156395946656404	0.0135453452016875
"CaT2T11g00342"	156.115672490648	-1.23591924969116	0.2555098452627	-4.83707094895097	1.31766405043342e-06	3.30065296343351e-05
"CaT2T08g02349"	280.569935960375	-1.60003734468727	0.184835433902295	-8.65655091616827	4.8625389708756e-18	5.91860025159252e-16
"CaT2T04g00395"	109.400135353474	-2.14229102973558	0.314252058692016	-6.81711056612405	9.28897749829274e-12	5.59410059513908e-10
"CaT2T02g01873"	92.1676286989809	-2.07029573085457	0.342898652779718	-6.03763156860391	1.56392636962672e-09	6.93100086477646e-08
"CaT2T01g00583"	43.5281153912821	-1.28267127980413	0.368650930384647	-3.47936536730235	0.000502602838242363	0.00543956634701378
"CaT2T06g01138"	87.2393864562409	-1.1031050809924	0.256790219481671	-4.29574414173176	1.74108302386987e-05	0.000322538895868883
"CaT2T08g03089"	21.3227233394383	-1.86470236550893	0.478332580508817	-3.89833860684418	9.68549205409223e-05	0.00137781106718461
"CaT2T03g02010"	17.0661925119075	-1.76205811690031	0.509119308774298	-3.46099251498132	0.000538187775703154	0.00578125389388024
"CaT2T02g00666"	338.363911647657	-1.19358286410645	0.230828819020791	-5.17085721431924	2.33022572795241e-07	6.90833987683182e-06
"CaT2T07g02892"	37.1403338567851	-1.19434102484869	0.353492869369716	-3.37868491372464	0.000728334322473057	0.00739631635113062
"CaT2T10g01068"	25.7491260785088	-1.65927830393589	0.414489422567276	-4.00318612151454	6.24950976007025e-05	0.000955898466310214
"CaT2T06g00147"	17.961902392653	-1.93493908821048	0.548719205361824	-3.52628278599177	0.000421436712274848	0.00470549879519281
"CaT2T05g02073"	35.684590829809	-1.34343857827329	0.378276780624671	-3.55146984188348	0.00038308589168437	0.00434180757499846
"CaT2T03g00734"	224.406335033405	-1.20498031085017	0.192639420916207	-6.25510762604665	3.97241867219974e-10	1.9340643473324e-08
"CaT2T08g03191"	424.461215886667	-1.42389569713069	0.188398065275212	-7.55791040131255	4.0959601993983e-14	3.35519317945025e-12
"CaT2T01g01667"	100.175673836151	-1.1621690874661	0.267719390339941	-4.3409970640917	1.41837618794886e-05	0.00027148631265236
"CaT2T11g01630"	470.794344481508	-1.24024068371944	0.181291876599157	-6.84112662401118	7.8572764877997e-12	4.83292408594769e-10
"CaT2T06g00599"	14.6945482294801	-1.53714039119947	0.520820668777179	-2.95138131673706	0.00316356097441051	0.0238252670508546
"CaT2T07g00148"	323.369829936607	-2.10204482538798	0.187432918027936	-11.2149181024577	3.44505158396351e-29	8.27003771905907e-27
"CaT2T07g00149"	371.384588413404	-1.64773639417409	0.195207923418867	-8.44092988294567	3.14822968178394e-17	3.48807703974062e-15
"CaT2T04g00539"	63.3622089550532	-1.35382315787963	0.335058449268562	-4.04055817972967	5.33241340497056e-05	0.000833322181659234
"CaT2T07g02367"	36.7918825320071	-1.35259743889168	0.368438523116756	-3.67116181947958	0.000241450402971645	0.00295345277067368
"CaT2T05g00205"	86.1334005572521	-1.65200439922258	0.270311187750293	-6.11149102991869	9.87045513972836e-10	4.57375192051112e-08
"CaT2T09g02570"	31.5610874133908	-1.25389367004018	0.40541198311507	-3.09288753727904	0.00198219237450946	0.0164160100627799
"CaT2T02g03213"	201.469299384515	-1.04275304909399	0.206220568255079	-5.0564939177366	4.27034483198316e-07	1.19046193670963e-05
"CaT2T10g00562"	677.313228044663	-1.22855558866896	0.176833527411637	-6.94752633537136	3.71746686153089e-12	2.39748870278731e-10
"CaT2T06g03344"	13.3985699214009	-1.94735232001575	0.64244018485737	-3.03118074789809	0.00243599376169057	0.0194082215983228
"CaT2T03g00247"	1797.21492759229	-1.22907373088434	0.163470400192515	-7.51863168767489	5.5352475204631e-14	4.4292230622076e-12
"CaT2T05g01158"	51.7073610532718	-1.40619565893008	0.35041493865145	-4.01294438057276	5.9966046489898e-05	0.000922111341220105
"CaT2T03g00938"	46.6281547637001	-1.02995736525136	0.361930677570205	-2.84573104486723	0.0044309602073868	0.0310185160892967
"CaT2T01g03250"	923.112374884632	-1.03960324922928	0.184398688676249	-5.6378017473569	1.72234631083202e-08	6.52829685009225e-07
"CaT2T02g03022"	30.9373986237988	-1.64758843296529	0.456282794768965	-3.61089318259203	0.000305144326736931	0.00359011649965948
"CaT2T07g02471"	22.9485676108491	-2.50510516133358	0.520639618781017	-4.8115914943216	1.49733159887805e-06	3.68659250071343e-05
"CaT2T05g02914"	43.3191141932412	-2.19242772438839	0.36884321465729	-5.94406413691379	2.78040729914149e-09	1.19841794908632e-07
"CaT2T01g00716"	232.211764942507	-1.03201871846457	0.246455618154495	-4.18744245390921	2.82115519583314e-05	0.000481826545501779
"CaT2T11g02009"	293.773118433199	-1.29372033339925	0.203341650707546	-6.362298766129	1.98756350215687e-10	1.00154657642214e-08
"CaT2T02g00042"	93.0599982315733	-1.14391481061691	0.257019776404613	-4.45068790666173	8.55956601782567e-06	0.000175496487606286
"CaT2T01g01497"	124.98976860526	-1.05436892047422	0.249393919698772	-4.22772504537291	2.36066017917672e-05	0.000416768646954958
"CaT2T03g01282"	798.37150294756	-1.74354692508484	0.168202950764647	-10.3657332832671	3.55024867886542e-25	7.21911743123645e-23
"CaT2T03g01283"	999.822261280992	-1.68703963879338	0.196238522078738	-8.59688312428526	8.19103313364014e-18	9.83151504734973e-16
"CaT2T09g02596"	35.8998071776201	-2.02662787946843	0.407950108167099	-4.96783268075102	6.77053409057447e-07	1.78387059788856e-05
"CaT2T09g02592"	33.8078893294108	-1.13028231491199	0.416418156626779	-2.71429642758114	0.00664167066480818	0.0427859246256223
"CaT2T09g02590"	201.487533371203	-1.09510729059153	0.253651613964493	-4.31736772132201	1.57900978908685e-05	0.000297294174232866
"CaT2T10g02486"	1232.03385160579	-1.07881445196432	0.166843549380915	-6.46602434416759	1.00614876001341e-10	5.26604460105469e-09
"CaT2T07g02941"	190.965857200113	-1.14365366560823	0.215986219869418	-5.29503070288312	1.1899641557113e-07	3.82292573741898e-06
"CaT2T07g02944"	40.927983715895	-1.40131980075834	0.413573742442186	-3.38831907577941	0.000703224055946654	0.00718352516724703
"CaT2T05g01934"	16.1557280120429	-2.07277771104898	0.567297599567576	-3.65377486636461	0.000258412872101769	0.00313432146063647
"CaT2T01g04738"	58.5462303125321	-1.14568674935825	0.302454667918636	-3.78796186959976	0.000151888152457558	0.00202408236474667
"CaT2T04g00625"	330.592341259178	-1.87577120824277	0.19410850685083	-9.66351881571206	4.30806552249076e-22	7.22918490201264e-20
"CaT2T04g00628"	789.939778194899	-1.21620647309054	0.160178816728706	-7.59280470369826	3.13054201796426e-14	2.58891331284661e-12
"CaT2T11g02423"	99.3879277150188	-1.20450910007821	0.244020958630622	-4.93608871482833	7.97048621669052e-07	2.07785646710828e-05
"CaT2T12g01296"	27.6617693456753	-1.26851900907044	0.411367193385377	-3.08366595457229	0.00204467035793524	0.0168526859640213
"CaT2T07g01899"	40.433158376264	-2.17188460076655	0.369225991356563	-5.88226357734699	4.04693181459484e-09	1.70187760300382e-07
"CaT2T01g06030"	14.6067777721654	-1.75427999169932	0.554591549421878	-3.16319279211527	0.00156048952618552	0.0135320255183186
"CaT2T01g06033"	98.6165262070432	-1.76228513542989	0.320421096533862	-5.49990357842638	3.799989918396e-08	1.33223175962589e-06
"CaT2T01g01565"	41.1561480420683	-1.04023236915035	0.361143312615169	-2.88038662994382	0.0039718776854682	0.0286878119162693
"CaT2T05g01879"	50.4866680704658	-1.22713840928762	0.355780754178237	-3.44914218904843	0.000562370489977393	0.00600742370134071
"CaT2T02g03933"	69.7632617040309	-1.28622719189463	0.281566242384467	-4.56811576914232	4.92128208423179e-06	0.000107943451197795
"CaT2T01g03695"	31.5099493169638	-1.31336863032067	0.40694048504733	-3.22742189233866	0.00124911138239883	0.0112798543016622
"CaT2T08g01649"	103.727353209388	-1.28559000966792	0.238405793085759	-5.39244450828202	6.95055678241582e-08	2.34635592631396e-06
"CaT2T02g02174"	30.1023129973029	-1.70994151601145	0.426788157242634	-4.00653459331892	6.16161044953599e-05	0.000944124778455498
"CaT2T02g04115"	368.924624048119	-3.44392531926609	0.282099095823552	-12.2082111224497	2.80999593341866e-34	8.9940684654089e-32
"CaT2T05g00687"	2223.0801025854	-1.06323292518392	0.170425386251663	-6.23870039885881	4.41221119669342e-10	2.13615289421986e-08
"CaT2T07g01926"	43.8193795418048	-1.55369690578511	0.394706454404937	-3.93633518896336	8.27353939212064e-05	0.00121377800457153
"CaT2T10g02615"	5055.78014584478	-1.09907100742794	0.221054200275451	-4.9719526073624	6.62819104424033e-07	1.75170724783868e-05
"CaT2T07g00179"	398.256567566892	-2.98220200145852	0.549660712460651	-5.42553239453514	5.77820485809285e-08	1.97372515350349e-06
"CaT2T07g00178"	156.991432836185	-2.79548421877213	0.74867129626725	-3.73392733594829	0.000188516904235615	0.00241178843287074
"CaT2T04g00405"	274.29695013518	-1.01086310773941	0.274547587895871	-3.68192310661568	0.000231481233767173	0.0028552086551591
"CaT2T01g03613"	200.354923628523	-1.07641295508421	0.223224948736257	-4.82209968544332	1.42054917994742e-06	3.53277295341167e-05
"CaT2T06g03070"	22.1332915461565	-1.83746164380714	0.573185647570091	-3.20570072121782	0.00134734040751601	0.0119976463696583
"CaT2T03g01356"	5985.73845721296	-1.01253719818521	0.197660577363433	-5.12260568946678	3.01342087262409e-07	8.66621736479781e-06
"CaT2T01g05596"	165.484740997465	-1.29085869193204	0.230122220841398	-5.60944826280687	2.02972663303757e-08	7.62647720117854e-07
"CaT2T12g02721"	258.046480846931	-1.0196480458337	0.262893517184239	-3.87855910923477	0.000105076996694351	0.00147654537468712
"CaT2T08g02165"	83.9370434898527	-1.04292701512721	0.285352643502885	-3.65487069726994	0.000257311628662428	0.00312754865668172
"CaT2T08g02168"	153.181330732653	-1.13976586834312	0.244990779081621	-4.65228068017774	3.2828381721279e-06	7.62642136654013e-05
"CaT2T03g01126"	29.7499330265667	-1.4439708158294	0.395117270675803	-3.6545373310553	0.000257646174832557	0.00312851061978761
"CaT2T07g03162"	82.6425797239045	-1.25666473461583	0.268662581794105	-4.67748328116231	2.90417244254909e-06	6.8479831510257e-05
"CaT2T07g03165"	2131.78979461117	-1.07082954451537	0.187395159102502	-5.71428605543459	1.10165549986091e-08	4.2885165899991e-07
"CaT2T08g02902"	300.434094350489	-1.52312193159164	0.184912708642554	-8.23697810049343	1.76614796385349e-16	1.83783044806228e-14
"CaT2T07g02402"	52.2580718199083	-1.09385560634885	0.317704886969332	-3.44299269924179	0.000575314844742538	0.0061041999855924
"CaT2T01g03222"	159.149086159012	-1.08404882554386	0.22207741603645	-4.88140057143826	1.05335029606328e-06	2.67736860546437e-05
"CaT2T08g03061"	79.3771555019854	-1.06104222619648	0.288643010109096	-3.67596716024906	0.000236950004791424	0.00290869593949927
"CaT2T08g03063"	17480.9033803297	-1.06052775124153	0.153091478597484	-6.92741203466929	4.28608880605233e-12	2.73360734036193e-10
"CaT2T02g00842"	223.026803364474	-2.34807287423106	0.288022705350845	-8.15238809513589	3.56807072445266e-16	3.58549618613022e-14
"CaT2T12g02669"	656.270519228366	-1.54199635100609	0.250462025236172	-6.15660737212388	7.43197938729399e-10	3.49060684048884e-08
"CaT2T05g01312"	24.7878205769941	-1.38220978621696	0.444807661926285	-3.10743250291859	0.00188720075392978	0.0157424603431092
"CaT2T02g01173"	140.750182472742	-1.16925932413618	0.242812494053363	-4.81548253393918	1.46844608343584e-06	3.62633028132691e-05
"CaT2T02g02436"	1227.29510478436	-1.12440362585394	0.184782761434185	-6.08500282779043	1.16489254468315e-09	5.31240177897193e-08
"CaT2T06g01518"	173.098254240137	-1.29762737070672	0.279941167573163	-4.6353574286911	3.5632124437821e-06	8.17882654426692e-05
"CaT2T11g00090"	2935.75998562783	-1.244667889435	0.160500801514156	-7.75490139421654	8.84121467051189e-15	7.83648996744244e-13
"CaT2T03g01606"	302.835038960705	-1.00779972537653	0.22389464494042	-4.50122299997264	6.75635741525169e-06	0.000142237370968587
"CaT2T03g00558"	682.966566711843	-1.30223339895769	0.179156738600126	-7.26868221163729	3.63011258274389e-13	2.63625486891367e-11
"CaT2T02g01837"	87.0354540710794	-1.46231329670569	0.261751092303434	-5.58665594797406	2.31483681046924e-08	8.64139080608e-07
"CaT2T07g02293"	12.5567929422491	-2.15522392588427	0.619238998165776	-3.4804395916087	0.000500591696377217	0.00542226439248748
"CaT2T05g00264"	293.926754446162	-1.03433613350107	0.243215054698398	-4.25276360784375	2.11148435626029e-05	0.000380948805987503
"CaT2T06g00606"	240.279826179492	-1.02162800657205	0.223343426010561	-4.574247045551	4.77935639704709e-06	0.000105097195886211
"CaT2T11g03307"	39.9886584526975	-1.03401366199956	0.359236552600771	-2.8783642825698	0.00399743241894609	0.0288001758770589
"CaT2T04g01802"	80.2977689362454	-1.19040706244019	0.306182889138564	-3.88789545290843	0.000101117160301424	0.0014267012233876
"CaT2T09g02171"	569.049934972641	-1.94181988407313	0.258566564555472	-7.50994192699088	5.91535982238569e-14	4.6685424278591e-12
"CaT2T02g01793"	1645.65589567065	-1.07467645427439	0.214726507125932	-5.0048616198284	5.59021750191206e-07	1.50735287524256e-05
"CaT2T02g01791"	9582.18849635598	-1.27126317100161	0.40009670259641	-3.17738977290192	0.00148607167511779	0.01303158946359
"CaT2T02g01790"	11161.3105576279	-1.02291101178424	0.248488598556744	-4.11653097053728	3.84617667126754e-05	0.000629520052899509
"CaT2T10g02799"	46.0939911400576	-1.71102932907486	0.324636665685743	-5.27059790199786	1.35980071119958e-07	4.31243953988505e-06
"CaT2T09g00411"	72.6007216481992	-1.46367583021321	0.298372494880333	-4.90553202901707	9.31744340161223e-07	2.37876944982963e-05
"CaT2T08g03182"	447.041539137839	-1.33053777503545	0.22240467053816	-5.98250824416547	2.197273858306e-09	9.54213099672386e-08
"CaT2T08g00527"	1808.69147168815	-1.33503459891017	0.160273489515851	-8.32972815992839	8.10281939523052e-17	8.64500805105952e-15
"CaT2T01g00141"	34.4729930163967	-1.26269315876124	0.382795578736153	-3.29860956840249	0.00097164951841067	0.0092325400089115
"CaT2T06g02393"	40.2475418788296	-1.30340969284936	0.34363622927055	-3.79299265277167	0.000148842562096029	0.00199425956842462
"CaT2T02g01859"	33.276210834814	-1.02108215569328	0.358544067894778	-2.84785678281794	0.00440147270625839	0.0308245762783509
"CaT2T09g00628"	30.2567596141576	-1.16739553475392	0.377031823371114	-3.09627851653479	0.00195966199213932	0.0162657951486391
"CaT2T10g00252"	2902.25463083843	-1.89947767485337	0.240286886064596	-7.90504095318267	2.67845527639206e-15	2.5297497812656e-13
"CaT2T01g03309"	147.09539550472	-1.06426204989875	0.259275399202261	-4.10475522619297	4.04743201594003e-05	0.000659338501069817
"CaT2T01g03302"	60.6192091118303	-1.09085172140486	0.296282936237264	-3.68179057241186	0.000231601627779048	0.0028552086551591
"CaT2T06g01831"	1793.81744368833	-1.00851132942327	0.169073013955792	-5.96494559260038	2.44715569229588e-09	1.06006613999103e-07
"CaT2T04g00823"	674.8967141386	-1.1262399736455	0.223969855389681	-5.02853373587251	4.94244567552323e-07	1.34527922922431e-05
"CaT2T06g01483"	57.7950810346128	-1.97856406773783	0.330136004486737	-5.9931786925631	2.05778521082609e-09	9.0042429326375e-08
"CaT2T07g00174"	1435.88704970954	-2.23956048185322	0.17590351544553	-12.7317551112088	3.93884272047332e-37	1.66046238001612e-34
"CaT2T07g00176"	46.0168490203767	-1.69865809337611	0.388642555658277	-4.37074650895847	1.2382247615181e-05	0.000241279332334598
"CaT2T10g01006"	26.040667918288	-1.98865642616553	0.458836293741415	-4.33413061105029	1.46337278034177e-05	0.000278556554354924
"CaT2T01g05365"	32.1635004365692	-1.09678794956536	0.392314301188921	-2.79568689247756	0.00517895480044219	0.0351445052103819
"CaT2T11g00089"	100.719950489158	-1.32832524003044	0.260448268720088	-5.10015000889883	3.39384395351484e-07	9.69573535414057e-06
"CaT2T06g00161"	21.9236374337361	-1.26588373422719	0.441151962358904	-2.86949587044411	0.00411126700980329	0.0293390334423782
"CaT2T03g00814"	158.657408496496	-1.43628723347831	0.253826363888688	-5.65854236523743	1.52664033603326e-08	5.83771052389357e-07
"CaT2T02g03270"	71.4871294374204	-1.0124375115297	0.274597464579163	-3.68698783538048	0.000226924200131657	0.00281966777503635
"CaT2T09g02579"	26.5417815602244	-1.99546405703341	0.475386589122259	-4.19756068575217	2.6980537167994e-05	0.000463089974589483
"CaT2T09g02578"	46.0808715345761	-2.07094764348165	0.398417105954471	-5.19793857374764	2.01510689436575e-07	6.14269974642287e-06
"CaT2T09g02575"	21.9739815521178	-1.47983656735286	0.45415157589726	-3.25846401485929	0.00112017081881969	0.0103313940408109
"CaT2T09g02573"	421.724621198894	-1.05806462411708	0.273335238300556	-3.87094115890627	0.000108415961627822	0.00151606915920329
"CaT2T12g00426"	57.1184566375162	-1.21519578136189	0.307340348330919	-3.95390903915247	7.688464838182e-05	0.0011396863315878
"CaT2T12g02713"	79.6179862437816	-1.03622253773767	0.252623736107267	-4.10184155180762	4.09874920881623e-05	0.000665190434978213
"CaT2T11g00543"	26.2875545733709	-1.19236485300387	0.398029243520278	-2.99567147996031	0.00273841281985591	0.021262680673131
"CaT2T10g00431"	127.868281108761	-3.49275572143262	0.336177597228609	-10.3896147459745	2.76467547154063e-25	5.68864891072718e-23
"CaT2T10g02557"	16.9649539616799	-1.32670713000146	0.501593563929548	-2.6449843566729	0.00816946937197833	0.0499473323754062
"CaT2T02g04041"	1130.84173350877	-1.07110206853055	0.200250865508844	-5.34880119398656	8.85387330819504e-08	2.90932217222135e-06
"CaT2T02g01046"	443.658720234915	-1.10927748808809	0.169112414457515	-6.55940896856376	5.40214589932918e-11	2.99265031166684e-09
"CaT2T08g00639"	152.200476702036	-1.03889221298802	0.248481859355973	-4.18095798091929	2.90283508788921e-05	0.00049333924935179
"CaT2T10g02743"	703.237385543609	-1.14547935763301	0.157513077812767	-7.27228096574068	3.53467434829909e-13	2.57777685383973e-11
"CaT2T03g00898"	54.0610973759372	-1.33852048450155	0.331204158282324	-4.04137584335695	5.31385128200711e-05	0.000831925774983794
"CaT2T03g00790"	150.229788244435	-1.67406769272094	0.28606906363959	-5.85197039981244	4.85783098957041e-09	2.00388426786957e-07
"CaT2T10g00704"	2245.53499690588	-1.03994772864082	0.227198232471579	-4.57727033052915	4.71082534246152e-06	0.000103854470942736
"CaT2T12g00628"	61.5532170331778	-1.35733999304	0.346073647685103	-3.92211311701799	8.77757639988142e-05	0.00126637421114817
"CaT2T03g01639"	90.4832798896661	-1.79966533184348	0.306781711108297	-5.86627320560248	4.45699187594758e-09	1.86524570421012e-07
"CaT2T07g01835"	144.462393585351	-1.10385461765577	0.23977817246393	-4.60364930766093	4.15151315851208e-06	9.34306685308891e-05
"CaT2T11g02026"	89.4460596238676	-1.52067847719053	0.298506622862833	-5.09428723090442	3.50055714671084e-07	9.96764904839376e-06
"CaT2T11g02028"	37.5074528998677	-1.13563995673755	0.378636950564379	-2.99928455224674	0.00270614438509891	0.0210499547939017
"CaT2T03g01963"	22.7089723003133	-1.16936670659901	0.418797308254394	-2.79220205944755	0.00523506539437666	0.0354279053548967
"CaT2T12g00785"	91.0982442740952	-1.31422677377941	0.251530463648138	-5.22492088917652	1.74229584562915e-07	5.42591736862238e-06
"CaT2T02g03990"	15.0759851730438	-1.79389944057064	0.605644477024996	-2.96196780226991	0.00305679747618987	0.0232235989355893
"CaT2T03g00626"	37.6694734435102	-1.03508088808303	0.382735822131519	-2.70442646919876	0.00684224111761472	0.0437195177363596
"CaT2T07g01414"	1401.04713141164	-1.41601566199461	0.191087093684728	-7.41031555135206	1.25999251795905e-13	9.55162749140535e-12
"CaT2T07g02963"	42.0924976886722	-1.10178198764195	0.354449113026926	-3.10843488429961	0.00188081086480456	0.0157114357768025
"CaT2T04g00388"	944.325707785502	-1.0491982388754	0.184447692770411	-5.68832400729119	1.28292235036998e-08	4.97175558381049e-07
"CaT2T10g02990"	75.0373996817905	-1.09212032063898	0.29992581724155	-3.64130147475575	0.000271263260580771	0.00326579932673014
"CaT2T01g00596"	40.0078479835439	-1.58200654672006	0.359649719442147	-4.3987426131568	1.08879863018995e-05	0.000217056465100382
"CaT2T10g00260"	2273.51711256843	-2.0482795683421	0.175476740954925	-11.6726556305729	1.75846882351463e-31	4.90215728155271e-29
"CaT2T10g00267"	225.067430824779	-1.79633119437239	0.614664555149331	-2.92245775248253	0.00347280731015838	0.0256862597964575
"CaT2T06g01841"	15.9206942106325	-1.48585546448908	0.512333341651218	-2.90017327332292	0.00372956428882576	0.0271875956001959
"CaT2T10g00060"	1013.28696760632	-1.12002636057948	0.167289964564194	-6.69511983876171	2.15494960574855e-11	1.25831584411344e-09
"CaT2T02g01984"	58.9606647761092	-1.86217580697168	0.369414913246138	-5.04087880645719	4.63398877512588e-07	1.27133114268692e-05
"CaT2T02g03160"	20.6823196103399	-1.49520102622555	0.471062753174552	-3.1741015738332	0.0015030108291312	0.0131534375547866
"CaT2T06g01017"	124.316999017475	-1.62493214379177	0.309710950238749	-5.24660862826823	1.54924518144063e-07	4.85973751651902e-06
"CaT2T04g00133"	427.92422880594	-1.49813888723152	0.167844884040363	-8.92573458998759	4.42750969212895e-19	5.79735435748158e-17
"CaT2T03g04309"	195.583240529001	-1.03548002574235	0.234073631337087	-4.42373632530682	9.70084069181634e-06	0.000195646826741369
"CaT2T09g02243"	22038.9518161421	-1.02038048471374	0.157815019954904	-6.46567408479443	1.00848227432834e-10	5.26604460105469e-09
"CaT2T10g00864"	517.944255141776	-1.04344653383571	0.203651665238388	-5.1236827973603	2.99624884735034e-07	8.64560351879855e-06
"CaT2T06g03093"	359.427619143574	-1.34572946379553	0.193291493323028	-6.96217635168531	3.35055701126383e-12	2.18532178802581e-10
"CaT2T07g00837"	3095.08779420841	-1.35907162013425	0.245848516215196	-5.52808550995943	3.23744254451354e-08	1.1585084252458e-06
"CaT2T10g02911"	29.0855147278563	-1.26219025119056	0.416522974075814	-3.03030163940205	0.00244309607920149	0.0194323389935198
"CaT2T03g00584"	53.8689671736543	-1.18004213288712	0.300075775933114	-3.9324804850297	8.40738069167022e-05	0.00122718009760349
"CaT2T01g03350"	23.5037702002469	-1.31988221842742	0.416901030986817	-3.16593656605555	0.00154584500517408	0.0134429871787273
"CaT2T11g01627"	113.214570635063	-1.62518106589978	0.235582026597628	-6.89857833966075	5.25255221762461e-12	3.30127681925177e-10
"CaT2T07g00152"	412.1093930365	-1.17933403661677	0.180382406847774	-6.53796596478511	6.23611106999008e-11	3.41202120716329e-09
"CaT2T07g00151"	458.362967962895	-1.66298952276456	0.221697274536604	-7.50117260683775	6.32494364700394e-14	4.9691057270371e-12
"CaT2T07g00155"	4970.61521801494	-1.87863693884768	0.20597448276655	-9.12072657551911	7.46223442655294e-20	1.04013919216565e-17
"CaT2T07g02359"	1121.90959866213	-1.15158552025929	0.185406515618027	-6.21113835412221	5.26021331976407e-10	2.53252164397778e-08
"CaT2T01g03233"	67.5347453961564	-1.58407939533031	0.299162217867078	-5.29505164998523	1.1898277581206e-07	3.82292573741898e-06
"CaT2T09g00730"	41.1346621524446	-1.7573104768293	0.38839373883952	-4.52455923228824	6.05215019213441e-06	0.000128350139780185
"CaT2T01g04464"	58.3022878882317	-1.07065068797314	0.381643203416697	-2.80537077141172	0.00502587301372009	0.0343284986654953
"CaT2T09g02488"	79.1251826361033	-1.80799321980123	0.340782284510325	-5.3054202110276	1.1241373154272e-07	3.65217845109846e-06
"CaT2T06g01349"	182.847777850976	-1.25684415838801	0.242908844526056	-5.17413913371605	2.28964165856954e-07	6.81138836948638e-06
"CaT2T02g03782"	119.258465291261	-1.11523565480146	0.27939497537843	-3.99160956023248	6.56263570211723e-05	0.000997049348502396
"CaT2T11g00598"	124.224041512647	-1.64700464465093	0.265780877060387	-6.19685156760441	5.76037766925773e-10	2.75034164738814e-08
"CaT2T06g03351"	70.5502535899542	-1.50286287091171	0.271938828002588	-5.52647403076034	3.26730596311646e-08	1.16437353126814e-06
"CaT2T09g01614"	27.8292355868051	-1.17499010249509	0.432674305659305	-2.71564566494109	0.00661466706906413	0.042675590004369
"CaT2T07g03132"	26.5511073724319	-1.24270162893447	0.436242972510324	-2.84864561091597	0.00439057568126681	0.0307731995438019
"CaT2T08g03046"	180.361219627091	-1.48827157658531	0.239922727888753	-6.20312877267462	5.53515111141142e-10	2.65012608890956e-08
"CaT2T01g03780"	20.9676855069341	-1.62419038681935	0.466669513167613	-3.48038674263255	0.000500690463458112	0.00542226439248748
"CaT2T11g01705"	27.2396049083088	-1.46316958691164	0.449796185091191	-3.2529613087203	0.001142090470385	0.0104720910822994
"CaT2T02g03283"	179.591145816082	-1.01274547068583	0.226164473396877	-4.47791580823859	7.53753147990607e-06	0.000156773398434051
"CaT2T11g02206"	97.0412618597338	-1.06283755693401	0.312173469895804	-3.40463767561273	0.000662518943398506	0.00686297335128688
"CaT2T03g01298"	403.780964526355	-1.46836537543799	0.203040200416859	-7.23189482882359	4.76301012308451e-13	3.44451326223401e-11
"CaT2T12g00212"	16.0893782678461	-2.59967719759976	0.570228630829089	-4.55900853982013	5.13956816102264e-06	0.000111879466114755
"CaT2T06g01742"	25.5195486736131	-1.3267161793827	0.403255058121589	-3.29001745337728	0.00100181168580154	0.00945675214494472
"CaT2T07g03045"	36.6156733643357	-1.00799459161901	0.345229321566419	-2.91978267386273	0.00350275563206058	0.0258173255200576
"CaT2T03g04642"	23.0206545881923	-1.24662848182645	0.456154524228428	-2.73290829228337	0.00627778092336483	0.0409392151489921
"CaT2T02g03733"	2639.68332130472	-1.20612066125907	0.416961578640511	-2.89264220744651	0.00382016201103382	0.027754384278566
"CaT2T02g01127"	69.7387454543514	-1.2625846953192	0.277576642428475	-4.5485984853518	5.40043686301795e-06	0.000116530774956807
"CaT2T06g03117"	167.267487838686	-1.06108644301782	0.242565701761567	-4.37442901165321	1.21750733740524e-05	0.000238317064775902
"CaT2T04g00111"	4513.82639992873	-1.05671385919739	0.179161011960414	-5.89812397035845	3.67657708826238e-09	1.54990142423236e-07
"CaT2T05g00277"	79.8186727534775	-1.91638729042347	0.27006215787896	-7.09609708177768	1.28329347730061e-12	8.90780902074849e-11
"CaT2T04g00258"	43.041305535196	-1.09844499884842	0.372235409410684	-2.95094171881031	0.00316806689430236	0.0238488101921263
"CaT2T09g01446"	45.2515199729058	-2.25845884433769	0.382264427636697	-5.90810622453242	3.46062857497438e-09	1.46961927002106e-07
"CaT2T09g02153"	22.3431832818699	-1.26533910293066	0.432180041794033	-2.9278054990186	0.00341363517859184	0.0253333063232208
"CaT2T11g01526"	16.1999060413001	-1.48590297017787	0.522982345780544	-2.84121057272054	0.0044942626100045	0.0313347458456304
"CaT2T09g00146"	27017.3837808077	-1.02872358154949	0.221223257765913	-4.65016016823163	3.3167734425004e-06	7.68459948795938e-05
"CaT2T01g01396"	28.4871286963928	-1.55490027581156	0.454234219471105	-3.42312447886914	0.000619057213587243	0.00648079035714228
"CaT2T07g02749"	29.5687950206335	-3.16655554433937	1.02272863391492	-3.09618352252255	0.00196028993836006	0.0162657951486391
"CaT2T03g02267"	81.7479280514845	-1.01943081386289	0.30021035983154	-3.3957216347728	0.000684479326466354	0.00702986783710765
"CaT2T07g00399"	157.626519222367	-1.15105506583796	0.260737116031997	-4.41461915110201	1.01187971868259e-05	0.000203128095908361
"CaT2T03g04179"	19.2119830052519	-1.3530294956836	0.50800634879466	-2.66341060282792	0.00773529623956165	0.0479716039485409
"CaT2T11g01475"	22.4730389007263	-1.48183187796819	0.464263114775837	-3.19179325431372	0.00141392499043352	0.0124748746986488
"CaT2T09g00649"	6395.94587030768	-1.0892537649975	0.248042249354341	-4.3914041572871	1.12620977426355e-05	0.000223740341820358
"CaT2T06g00853"	276.661428328506	-1.03880142876814	0.222000811927505	-4.6792686015372	2.87900077305077e-06	6.79790291822535e-05
"CaT2T06g00854"	250.789769650287	-1.13391501460564	0.248957481208629	-4.5546533050574	5.24720460763199e-06	0.000113649980499137
"CaT2T11g01672"	122.478937663993	-1.19042675576767	0.240476519307026	-4.95028271033733	7.41057538327728e-07	1.94953401711666e-05
"CaT2T12g01831"	385.484897247863	-1.35206755073336	0.197731741568819	-6.83788824194815	8.03690531410493e-12	4.90847602293249e-10
"CaT2T06g01175"	42.1095957906944	-1.34458347871511	0.354606033983595	-3.79176705937641	0.000149579182487961	0.00200102677254018
"CaT2T05g00739"	101.528172128563	-1.1813257939311	0.24554973082447	-4.81094314363378	1.50219748792209e-06	3.69331171852708e-05
"CaT2T01g05346"	64.8200043056927	-1.16795652153487	0.283669697528338	-4.11731154829533	3.83317740037008e-05	0.000627987091829351
"CaT2T01g00197"	565.664475314876	-1.02076489099239	0.181401150089795	-5.62711366762064	1.83249980477817e-08	6.91837702135396e-07
"CaT2T07g03183"	43.5665390281164	-1.01484917020923	0.363893913588901	-2.78885997350241	0.00528939289492921	0.0356698660928429
"CaT2T07g02851"	725.432988203378	-1.04649071782023	0.160287647520993	-6.52882947628995	6.62856646450751e-11	3.59147782986043e-09
"CaT2T01g00739"	41.9627181066219	-1.01980852740895	0.354882513268524	-2.87365110784512	0.00405756923568784	0.0291241805106431
"CaT2T06g01994"	80.757934874042	-1.09340124015064	0.311628719968679	-3.50866646777787	0.00045035929626818	0.00498033540454336
"CaT2T06g00106"	1232.34599114935	-1.01838168177199	0.228240558819701	-4.46187867326624	8.12442234672267e-06	0.000167969516555927
"CaT2T05g01384"	42.3066741219875	-1.24624034740562	0.373388036864467	-3.33765473010584	0.000844886653310918	0.00833235566030311
"CaT2T09g02553"	108.024593512889	-2.14959723871937	0.340332743334979	-6.31616346301297	2.68136432493974e-10	1.33558216116019e-08
"CaT2T09g02556"	48.4464387907719	-1.12063858750262	0.414855778198344	-2.70127269859754	0.006907467717284	0.0440711229330146
"CaT2T09g02554"	68.8796110442613	-1.98252933635587	0.358601098647491	-5.52850881894458	3.22964193449976e-08	1.15811475510153e-06
"CaT2T08g01394"	52.191002278768	-1.0481795510302	0.31934454610535	-3.28228417805642	0.00102969775464307	0.00964100541237851
"CaT2T04g00970"	143.374801610434	-3.77107181348208	0.305191807541313	-12.3563992227138	4.49860007253566e-35	1.6543362479512e-32
"CaT2T11g01538"	12.8995920941235	-1.67208070856293	0.563970005322321	-2.96483978364648	0.00302840603459723	0.0230382790061525
"CaT2T03g05110"	28.3923935168878	-1.32143498618255	0.442504587664235	-2.98626279369838	0.00282409838360599	0.0218592550211581
"CaT2T08g00610"	98.3010119309044	-1.04971385650685	0.309129890032117	-3.39570481650219	0.000684521382194641	0.00702986783710765
"CaT2T06g01912"	1434.89503572298	-1.50225847517428	0.213055235810241	-7.05102819680187	1.77600498166266e-12	1.21783420679617e-10
"CaT2T12g02189"	25.5392575711275	-1.27501868661235	0.420895237794518	-3.02930176471803	0.00245119709747319	0.0194788462679203
"CaT2T09g00246"	2646.48740297473	-1.16490343525769	0.20092082700343	-5.7978232153992	6.71812158131800e-09	2.69410703970998e-07
"CaT2T11g01733"	138.620426514471	-1.69749053471141	0.224395294971136	-7.56473318627185	3.886615325454e-14	3.19886948976891e-12
"CaT2T11g01084"	75.1053009914369	-1.0052792157664	0.32302129552971	-3.11211437040979	0.0018575252032091	0.0155664465671518
"CaT2T04g02989"	228.768902548224	-1.13456461942588	0.227406668938365	-4.98914400673705	6.06474254594247e-07	1.61763904574181e-05
"CaT2T04g02985"	558.171224806536	-1.04403037060232	0.203149019361409	-5.13923411436679	2.75860528012548e-07	8.01340061540989e-06
"CaT2T02g03569"	135.635798921788	-1.1417184600098	0.265153031359051	-4.30588499840219	1.66319450344296e-05	0.000310439025891016
"CaT2T06g00023"	20.7670072866089	-1.67007299883523	0.517232176012445	-3.22886524908506	0.00124282440281346	0.0112348205953075
"CaT2T01g05022"	20.6227625715356	-1.45805918629887	0.470339409908257	-3.10001491600136	0.0019351089729349	0.0160877457855733
"CaT2T10g03403"	16.3670731460268	-1.56468888073468	0.503707320637926	-3.10634532520405	0.00189415373206129	0.0157852232907171
"CaT2T06g02957"	28.029966605165	-1.37747141143998	0.404615650276709	-3.4043947892227	0.00066310839485357	0.00686297335128688
"CaT2T07g00182"	1226.50496817212	-2.30735426101683	0.216969591692748	-10.6344591563055	2.06020555302594e-26	4.39612256524697e-24
"CaT2T06g00613"	211.874153156072	-1.35494842510075	0.213497947461082	-6.34642365987024	2.20377823828859e-10	1.10406095856753e-08
"CaT2T03g00015"	35.1025639817362	-1.57256852425109	0.381845717470978	-4.11833484650934	3.81619917232933e-05	0.000625798733344783
"CaT2T03g00073"	1830.24122120218	-1.0534406804666	0.192497439675456	-5.47249190556855	4.43751034542133e-08	1.54321788350628e-06
"CaT2T01g05409"	77.1834209034961	-1.0327568550318	0.299691005647409	-3.44607223964155	0.000568798284816331	0.00606110330133506
"CaT2T04g00032"	31.5256418117145	-1.01296257255453	0.367197057459223	-2.75863477655187	0.00580433648389023	0.0383641115822404
"CaT2T10g02197"	59.0226057114609	-1.17087850930897	0.294673682686665	-3.9734749931978	7.08315977424163e-05	0.00106271990918396
"CaT2T09g00360"	41.8394816565309	-1.75951587581408	0.337280368197142	-5.21677524612294	1.82064951540466e-07	5.60928809701501e-06
"CaT2T06g03389"	18.7308016813323	-1.59756491444979	0.504088589812558	-3.16921459191099	0.00152851495819698	0.0133361194030675
"CaT2T08g02352"	2734.94524590813	-1.00045762655952	0.22493319037538	-4.4477990326368	8.67546382504382e-06	0.000177451735801251
"CaT2T01g01996"	694.814946777049	-1.11289908538936	0.225540157735517	-4.93437220476906	8.04089728804068e-07	2.08990780039842e-05
"CaT2T08g02436"	19.0550090555074	-1.83184676691731	0.525048359497197	-3.48891056182244	0.000484993393845821	0.00528538828450893
"CaT2T10g00248"	20.1274888870882	-1.85334531593841	0.507777728579031	-3.64991454257915	0.000262327568489439	0.00317957201526751
"CaT2T10g00247"	27.7108747700046	-2.58744516431718	0.488201560340134	-5.29995267224154	1.15832703134425e-07	3.74215409528112e-06
"CaT2T10g00245"	505.78458372899	-1.18182910146196	0.187354203897317	-6.30799350576452	2.82676073598832e-10	1.40395783220753e-08
"CaT2T09g02613"	28.9717528532831	-1.41119822789673	0.443493150304622	-3.18200681775451	0.00146258375499072	0.0128386478523411
"CaT2T06g00886"	26.2488160302411	-1.06737060858386	0.391305134537764	-2.72771940456316	0.0063773830657383	0.04140747141556
"CaT2T07g00013"	56.2855746205096	-2.2082730819346	0.345467286269553	-6.39213369746269	1.63586763008645e-10	8.36518820071426e-09
"CaT2T06g03756"	579.257625421704	-1.04482618363546	0.172105544721472	-6.07084556936481	1.27238501349045e-09	5.7570425584212e-08
"CaT2T04g00052"	342.479879412267	-1.01855479105258	0.178148658322309	-5.71744295267046	1.08138961981148e-08	4.21912825932767e-07
"CaT2T04g00054"	5188.42095748376	-1.06799851059774	0.174026652164262	-6.1369824524905	8.4103671632633e-10	3.91818830323027e-08
"CaT2T03g04792"	456.921519002737	-1.23744967749653	0.216015115507525	-5.72853281396145	1.01302959408228e-08	3.96135825885026e-07
"CaT2T08g02259"	99.6927348486775	-1.34447415122671	0.237995947137824	-5.64914725395771	1.61245691259501e-08	6.1387016029278e-07
"CaT2T02g03148"	42.7740024029622	-1.47680151249618	0.33782566476196	-4.37148999184761	1.23401507736201e-05	0.000240730435633465
"CaT2T01g05332"	36.6927756384539	-1.56817483137248	0.3962069296196	-3.95796921794904	7.5589696153047e-05	0.0011253163723594
"CaT2T01g03476"	40.6615808960548	-1.43551390689647	0.381994051317983	-3.75794832915214	0.000171312244601267	0.00222628634262277
"CaT2T06g00456"	50.1706998876606	-1.12759407981167	0.321486068258286	-3.50744306252718	0.000452435162802654	0.00499354364871077
"CaT2T05g01120"	570.772057986498	-1.59204754566281	0.230969123998949	-6.89290203858613	5.46655214626994e-12	3.4109706605101e-10
"CaT2T04g02208"	121.428931194737	-1.01207997880395	0.268168665761937	-3.77404263815969	0.000160623289884164	0.00212411089698385
"CaT2T01g04766"	1374.28514147555	-1.33528058278362	0.172222951584332	-7.75320925869612	8.95987872700854e-15	7.90115019987835e-13
"CaT2T01g03745"	39.3870530718552	-2.21312277351026	0.406175352803459	-5.44868800687953	5.07427345285937e-08	1.74015361823852e-06
"CaT2T08g02641"	95.3157897765618	-1.31667241037567	0.355040825545327	-3.70850988292212	0.000208482524795419	0.00262448066901968
"CaT2T01g02213"	85.4270264127708	-1.08314724140255	0.265168939814208	-4.08474402077958	4.41254334504078e-05	0.000708795531372536
"CaT2T01g02215"	357.213932819346	-1.26241289857052	0.198536319984377	-6.35859926621922	2.03601793776586e-10	1.02298064059143e-08
"CaT2T02g03721"	556.082484083648	-1.16621963065494	0.225374561097219	-5.17458414550998	2.2841915211209e-07	6.80689073294027e-06
"CaT2T06g00798"	45.6969340092899	-1.81487289204822	0.430544201629809	-4.21529981167574	2.4944657930654e-05	0.000434620431122403
"CaT2T01g05719"	15.0482666304018	-1.43959472715302	0.53256903931377	-2.70311381414131	0.00686932204618658	0.043860126430103
"CaT2T07g00348"	193.259522432437	-3.2902024270434	0.612745919000674	-5.36960316669165	7.89100855169976e-08	2.63655139620232e-06
"CaT2T05g00091"	1257.41254768221	-1.07559770161238	0.19477447825283	-5.52227227746023	3.34643371218449e-08	1.18524098937288e-06
"CaT2T12g00693"	461.153944284697	-1.05040230879319	0.202213696037412	-5.19451614493441	2.05252961715341e-07	6.22384594787359e-06
"CaT2T02g04059"	2083.1193222486	-1.09236605173135	0.208413186987375	-5.24134805249883	1.5940771253504e-07	4.99130960770948e-06
"CaT2T05g00483"	56.0903061480657	-1.00324443751649	0.358725108281472	-2.79669422171948	0.00516283697366986	0.0350902376141997
"CaT2T05g00484"	150.543080483121	-1.02596134881117	0.251804324635019	-4.07443895293803	4.61254102690069e-05	0.000734775659990337
"CaT2T04g01448"	405.987168545652	-1.41314920048952	0.525399653724364	-2.68966526809111	0.00715237214257314	0.0453158358182677
"CaT2T06g00712"	41.9943184799348	-1.13823236962374	0.382873930799799	-2.97286463783534	0.00295034533936945	0.0225536350489436
"CaT2T04g01052"	2286.57204208981	-1.26595313818453	0.226057737360709	-5.60013186438522	2.1418881186427e-08	8.03045428256407e-07
"CaT2T01g00072"	22.5971891577016	-1.22714883989869	0.456151068596175	-2.69022463035174	0.00714039375334924	0.0452731348616611
"CaT2T06g00526"	35.9256606385672	-1.47762407422108	0.391874769626388	-3.77065376173577	0.000162820444605198	0.00214496079615567
"CaT2T06g02369"	641.331072949874	-1.0796017069074	0.184166239352832	-5.86210431782269	4.57037732035897e-09	1.90485466495164e-07
"CaT2T09g02139"	63.5444974153242	-1.05659626882067	0.273884099282572	-3.85782260302214	0.000114401629253087	0.0015882070361529
"CaT2T12g02685"	46.1480869457775	-1.08807416599494	0.323303382772467	-3.36548958029524	0.000764079529924029	0.00770948662884233
"CaT2T06g00486"	48.1981583281751	-1.11740440785021	0.309369898082011	-3.61187179094586	0.000303994859100519	0.00358332670627486
"CaT2T01g00401"	74.0674847530447	-1.241122909443	0.318651037026079	-3.89492819802567	9.82278229364804e-05	0.00139275610470396
"CaT2T01g00400"	113.273112030885	-1.29607941253669	0.273784650687712	-4.73393745515355	2.20205608534221e-06	5.30088264332238e-05
"CaT2T09g02581"	41.1267208604588	-1.55906612917088	0.365891678399319	-4.26100461205181	2.03510032925032e-05	0.000369481870701287
"CaT2T09g02582"	299.879564709368	-1.01348235918197	0.200932046190592	-5.04390602891011	4.561233712363e-07	1.2553561064408e-05
"CaT2T09g02584"	241.498012421546	-1.01003737078156	0.280681235271178	-3.59852118295587	0.000320031787625897	0.00373492870852532
"CaT2T01g03761"	257.021657845329	-1.09052661268965	0.187688347360316	-5.8103053707224	6.23589911076959e-09	2.51825421099396e-07
"CaT2T04g02445"	19.6745506193139	-1.64310682996124	0.481556080375939	-3.41207783873999	0.000644697010432012	0.0067045385850222
"CaT2T06g01256"	60.7180535789203	-1.45997711145389	0.307454451283115	-4.74859643553995	2.04833212405832e-06	4.96540987829229e-05
"CaT2T06g01255"	33.2815858305065	-1.28134183742953	0.361064240974879	-3.5487918547954	0.000387002861306457	0.00438045674840917
"CaT2T06g01879"	35.7785973257663	-1.279473564842	0.369966825120596	-3.45834674345445	0.000543501393226449	0.00582746779188954
"CaT2T02g00646"	139.525552893721	-1.03359867020359	0.222199540579314	-4.65166879962404	3.29259597098208e-06	7.63882265267843e-05
"CaT2T09g02989"	142.025679124226	-1.69626757656581	0.591480070212362	-2.86783555692213	0.00413290281783754	0.029444803092953
"CaT2T11g01069"	196.592973255645	-1.05974070122503	0.206030709304413	-5.14360555668065	2.69515106712503e-07	7.87432688523849e-06
"CaT2T03g01279"	1693.623588678	-1.03206262158446	0.152859265442118	-6.75171778825052	1.46104860426576e-11	8.70784968142392e-10
"CaT2T06g03559"	451.707222962316	-1.63817437698965	0.202444504318287	-8.09196763580249	5.87085111592999e-16	5.79838803929908e-14
"CaT2T05g02056"	216.728657088995	-1.57532322942873	0.197474275520958	-7.97735920424498	1.49497282184261e-15	1.4275751520844e-13
"CaT2T07g01936"	718.39984453804	-1.21579779689545	0.176528681879775	-6.8872535836611	5.6879779284724e-12	3.53636728473802e-10
"CaT2T11g02103"	66.0768475168716	-2.27222533838	0.322700001092849	-7.04129324662204	1.90463676329786e-12	1.29097026732707e-10
"CaT2T06g00839"	4129.74425212351	-1.08341527656691	0.211887214705749	-5.11316965524072	3.16797531858752e-07	9.08047850853509e-06
"CaT2T10g02591"	78.755107614658	-1.36032082288341	0.298793078201396	-4.5527186609273	5.29570722024577e-06	0.00011441375449341
"CaT2T12g02591"	49.675435938148	-1.37586445673228	0.324963403386374	-4.23390585645859	2.29667120248549e-05	0.000408391615882296
"CaT2T09g00501"	29.9957511231931	-1.47119669634809	0.421652690443831	-3.48911967050302	0.000484614140353805	0.00528458725670357
"CaT2T11g00206"	103.763617403981	-1.16057242512591	0.279605770486186	-4.1507456126813	3.3139393225842e-05	0.000553411857502854
"CaT2T04g00087"	27.633485001658	-1.76084762657018	0.418584125289396	-4.20667560040121	2.59154728493485e-05	0.000449270845263932
"CaT2T04g00084"	40.9137108917277	-1.52198515670023	0.342127317290702	-4.44859290615199	8.6434660978082e-06	0.000177006715680707
"CaT2T11g01370"	89.7584124711719	-1.03951388026625	0.287178361602543	-3.61975002038958	0.000294887761306539	0.00349337907225649
"CaT2T07g03386"	553.733631791289	-1.96797083459437	0.181379836453475	-10.8499978447117	1.99430050747058e-27	4.41916538091301e-25
"CaT2T10g00157"	1737.20572611069	-2.32633277294745	0.184570635712984	-12.604024274831	2.00640227760096e-36	8.06480394559418e-34
"CaT2T01g02554"	54.8129783568515	-1.21371244279694	0.338693164771365	-3.583516200028	0.000338999728582472	0.00392186834593002
"CaT2T06g01257"	8618.08765644276	-1.2363445550372	0.226292010810299	-5.46349184228882	4.66858734026504e-08	1.62031854596669e-06
"CaT2T02g03236"	36.3305942446399	-1.47704196980761	0.417517858968007	-3.53767374995279	0.000403668498348574	0.00453346739795761
"CaT2T12g00469"	64.2326888924631	-1.12121780241089	0.303827690636627	-3.69030814821894	0.000223982561686982	0.00278511841453079
"CaT2T09g01084"	90.7087066804737	-1.50892931404466	0.350835217832819	-4.30096306569684	1.70057405765445e-05	0.00031639097968245
"CaT2T01g00569"	1078.44056128929	-1.00224594149866	0.168989589310579	-5.93081470632294	3.01435232327429e-09	1.28642137174007e-07
"CaT2T12g01135"	20.6272840281005	-2.05437663276672	0.506499477489412	-4.05602912553778	4.99140380550538e-05	0.000788587050953885
"CaT2T01g02072"	107.316830321509	-1.08984772637904	0.282443529379995	-3.85863938455738	0.00011402003313302	0.00158673289264986
"CaT2T02g02351"	27.5972914727791	-2.09914461375637	0.43612880834053	-4.81312991394357	1.48584628359886e-06	3.66353311921864e-05
"CaT2T09g03058"	174.852303070495	-1.57969801302606	0.231236269251388	-6.83153217330578	8.40124438553738e-12	5.07717160698e-10
"CaT2T09g00740"	48.3747721871674	-1.29880797961738	0.315099712965481	-4.12189515310558	3.75768228366539e-05	0.00061796175633561
"CaT2T07g02388"	89.8209732713468	-1.00708779431553	0.343706513113367	-2.93008062370745	0.00338874068366614	0.0251809948308192
"CaT2T07g02387"	114.794979018195	-1.86481733571937	0.335988254055925	-5.55024562081558	2.85268517555215e-08	1.03366479191286e-06
"CaT2T01g03266"	853.469091994274	-1.05788654679657	0.168363657940424	-6.28334261525081	3.31369661315775e-10	1.63173596187517e-08
"CaT2T10g00531"	594.315910937035	-1.70891587569715	0.216394536202132	-7.89722284901348	2.85186218621116e-15	2.67889054491705e-13
"CaT2T02g03629"	26.014006871884	-1.23150682209449	0.437706141100813	-2.81354705007633	0.00489982151326359	0.0336198948135164
"CaT2T10g02704"	30.420929849379	-1.25902265014717	0.412261394936685	-3.05394263350933	0.00225855264787363	0.0181989855318638
"CaT2T02g00543"	159.445372035859	-1.0707417334421	0.248455351113491	-4.30959417313172	1.63554401441356e-05	0.000306935317536633
"CaT2T03g03006"	1058.31648613701	-1.01307097369323	0.201192132306164	-5.03534090563538	4.76999158010727e-07	1.30038697903114e-05
"CaT2T11g02213"	199.813461173839	-1.0932780573057	0.210800268992963	-5.18632192704742	2.14487915998763e-07	6.46982397927158e-06
"CaT2T10g00059"	1430.19184991419	-1.3115102243981	0.167440139819311	-7.83271099637987	4.7746097374501e-15	4.34338708958355e-13
"CaT2T06g00947"	125.932480906535	-1.52290250835916	0.2882891742526	-5.28255184159219	1.27396768785688e-07	4.05511188156874e-06
"CaT2T02g03081"	16.3365966834478	-2.43661758529093	0.558346539543712	-4.3639879765032	1.2771259953671e-05	0.000248020738246348
"CaT2T03g00547"	954.168855817903	-1.5220090560148	0.16567864672052	-9.18651308507033	4.05781783918297e-20	5.84461029436987e-18
"CaT2T06g00631"	69.1684952039144	-1.61797578847755	0.325240722765263	-4.97470235191089	6.53479708362513e-07	1.73498360665709e-05
"CaT2T02g01788"	9642.05904900246	-1.12516877767638	0.406880723245827	-2.76535287467177	0.00568612484807775	0.0377345618313799
"CaT2T02g01789"	3902.87912077061	-1.19174086232798	0.213376151949861	-5.58516428118926	2.33479401943166e-08	8.69710772238294e-07
"CaT2T02g01785"	10241.2336826213	-1.26413165363647	0.24933074162267	-5.07009944064408	3.97607901796429e-07	1.11562580757297e-05
"CaT2T02g01786"	12028.7444221119	-1.15651817849557	0.246146013181687	-4.69850461336506	2.62073270788493e-06	6.23063880647636e-05
"CaT2T02g01787"	9688.78499690483	-1.11361213528941	0.399178290330635	-2.78976127275614	0.00527469183877737	0.0355985059513581
"CaT2T10g02781"	21.2409589187899	-1.97467710017095	0.570600597971299	-3.46069931786205	0.000538774222459463	0.00578395879564557
"CaT2T09g02441"	244.988565464973	-1.02556210140691	0.221094267871027	-4.63857390461684	3.50821486988738e-06	8.06329598552307e-05
"CaT2T06g00434"	37.2077505709776	-1.1214512000793	0.349569305419442	-3.20809402511381	0.00133617806814873	0.011916667559279
"CaT2T10g03027"	28.5852828294281	-1.30623730433354	0.46535307494543	-2.80698113897005	0.00500081696226375	0.0341907121739583
"CaT2T03g04020"	22.4716733335265	-1.23729715007605	0.467069902449543	-2.64906204314826	0.00807155121815301	0.0495263525940651
"CaT2T08g03241"	52.8117646653642	-1.00512944765817	0.345707232290399	-2.90745854808687	0.00364378632892415	0.0266635067354466
"CaT2T02g02435"	611.244713620238	-1.24022285489704	0.218079139458733	-5.68703112996154	1.2926690013329e-08	4.99832013848722e-07
"CaT2T01g01425"	61.9398808765033	-1.78076052018966	0.319903498425617	-5.56655531731773	2.59824324505981e-08	9.51441445924021e-07
"CaT2T04g02773"	78.8759180712938	-1.19064286809794	0.296251241205702	-4.01903081739738	5.84380278285959e-05	0.000901019512033409
"CaT2T02g04179"	161.69569016726	-1.28226339325249	0.265652253271104	-4.82684930191016	1.38710001091918e-06	3.46454285964266e-05
"CaT2T01g03315"	29.5853127841972	-1.30813081109585	0.45859386170824	-2.85248216411604	0.00433792467148844	0.0305279682500025
"CaT2T05g00742"	42.1462393588212	-1.20525793655385	0.368436619404252	-3.27127617906903	0.00107063298658917	0.00995417995707762
"CaT2T01g00208"	163.698096681329	-1.1382553733794	0.257347089025656	-4.42303574401778	9.73236322734187e-06	0.000196053806551721
"CaT2T03g01532"	37.5729587313802	-1.20920746440523	0.367647774737302	-3.28903789848653	0.00100530486109933	0.00948454651705282
"CaT2T10g00346"	96.1253458696406	-1.40288684424759	0.263739457034126	-5.31921487980489	1.04215992671606e-07	3.41149472980309e-06
"CaT2T08g02664"	30.5837124457635	-1.34505491847864	0.409449545002354	-3.28503214839548	0.0010197073597725	0.00956819870049285
"CaT2T01g03189"	150.51746933566	-1.47744736944733	0.269777722709851	-5.47653584812985	4.33732938697398e-08	1.51141937750924e-06
"CaT2T09g02563"	176.409365813993	-1.09963159545078	0.265024729729771	-4.14916599130959	3.33688786446298e-05	0.000556706272677396
"CaT2T09g02561"	32.2442257272989	-1.11646550565452	0.416957296568801	-2.67764952152672	0.00741407526283798	0.0465430502999739
"CaT2T06g00774"	17.9786743529979	-1.90137670536604	0.511620266163249	-3.71638269849019	0.00020209540159138	0.0025552428098796
"CaT2T06g00773"	69.6209640277849	-1.34651396199176	0.342491716196651	-3.93152271519064	8.44095189286092e-05	0.00122909361850217
"CaT2T03g01284"	803.523981634383	-1.73782274895994	0.170329727239277	-10.2026978914765	1.92839959058018e-24	3.78755210495317e-22
"CaT2T02g02097"	88.6666193654212	-1.30705898797419	0.284632312758724	-4.59209629189977	4.38815802794226e-06	9.83721444292529e-05
"CaT2T02g04032"	50.7084359987587	-1.18255248403976	0.30543919357394	-3.87164617023352	0.000108102799584446	0.00151291399839479
