K03320	#db7765
K09489	#e29182
K14432	#e29182
K01537	#e29182
K13407, K20768, K20769	#db7765
K07297	#e29182
K00864	#e29182
K00454	#d45d48
K20623	#db7765
K18045	#db7765
K00939	#e29182
K00588	#e29182
K14638	#d45d48
K12831	#e29182
K20359	#e29182
K20618	#db7765
K12200	#e29182
K14992, K14993	#db7765
K05643	#e29182
K01179	#903221
K20725	#e29182
K13494, K13495	#ca462e
K00787	#db7765
K10777	#e29182
K15032	#e29182
K01115	#ca462e
K13379	#e29182
K10840, K16465	#ca462e
K14686	#db7765
K00606	#db7765
K07428, K10717, K20660	#e29182
K17506	#ca462e
K22427	#561e14
K01590, K01649, K22427	#73281a
K19363	#db7765
K15015	#e29182
K13416	#d45d48
K00815	#d45d48
K01057	#e29182
K21889	#db7765
K14709	#db7765
K01761	#e29182
K07019	#e29182
K02183, K16465	#db7765
K09422	#db7765
K18834	#e29182
K08867	#e29182
K17294	#db7765
K14664, K21604	#e29182
K08900	#db7765
K09595	#e29182
K20858	#db7765
K09419	#ca462e
K17583	#db7765
K11423	#e29182
K13525	#e29182
K13525	#db7765
K04733	#db7765
K09705	#db7765
K13448	#d45d48
K08511	#d45d48
K20027	#e29182
K20027	#e29182
K08236	#ca462e
K14509	#e29182
K13449	#d45d48
K07300	#e29182
K16675	#e29182
K07297	#e29182
K20043, K20044	#db7765
K21354	#e29182
K21354	#ad3c28
K11254	#e29182
K18723	#db7765
K01807	#e29182
K07195	#db7765
K20891	#e29182
K13495	#db7765
K03627	#ad3c28
K19748	#db7765
K13416, K13417, K13418	#e29182
K04733	#e29182
K01723	#d45d48
K01723	#d45d48
K05389	#db7765
K03124	#e29182
K09419	#db7765
K09523	#e29182
K20891	#e29182
K07428, K10717, K20660	#e29182
K13993	#db7765
K14156	#db7765
K02218	#e29182
K00913	#e29182
K09419	#e29182
K15442	#e29182
K08509, K18211	#d45d48
K13412	#e29182
K20854, K20855, K20856	#d45d48
K14003	#db7765
K19613	#e29182
K19613	#e29182
K04733	#e29182
K15285	#ca462e
K00764	#e29182
K12125	#e29182
K04730, K04733, K13420	#db7765
K17871	#db7765
K10666	#d45d48
K01054	#db7765
K14638	#e29182
K13412	#e29182
K21026	#e29182
K20562	#e29182
K07195	#e29182
K11968	#e29182
K01322	#d45d48
K01581	#d45d48
K07897	#e29182
K11971	#e29182
K11971	#e29182
K12879	#e29182
K15378	#e29182
K05391	#db7765
K05391	#e29182
K01593, K22328	#db7765
K16040	#db7765
K12885	#e29182
K15111	#e29182
K12486	#ca462e
K08869	#e29182
K08472	#ad3c28
K12486	#e29182
K05933	#e29182
K05933	#73281a
K05933	#73281a
K01246	#db7765
K22132	#e29182
K21752	#e29182
K14516	#e29182
K01051	#ad3c28
K16286	#e29182
K05288	#e29182
K13495	#db7765
K04733	#e29182
K13448	#e29182
K14652	#db7765
K16286	#db7765
K15287	#e29182
K12448	#d45d48
K17879	#e29182
K00430	#db7765
K14423, K20028	#e29182
K00020	#e29182
K06617	#e29182
K17966	#e29182
K06628	#ca462e
K07442	#e29182
K14505	#e29182
K00924	#e29182
K04382	#e29182
K07019, K13696	#d45d48
K20092	#e29182
K01762	#db7765
K09503	#e29182
K15777	#e29182
K00891	#ca462e
K09286	#db7765
K21374	#e29182
K12858	#e29182
K21842	#e29182
K00901	#db7765
K01530	#e29182
K20222	#e29182
K19366	#e29182
K10840	#ca462e
K02703, K20000	#e29182
K01510	#e29182
K09422	#903221
K08176	#db7765
K08489	#e29182
K07889	#e29182
K17839	#e29182
K01054	#db7765
K09422	#903221
K04733	#e29182
K00814	#e29182
K00921	#e29182
K10999	#e29182
K02183, K10840, K16465	#e29182
K13993	#e29182
K09486	#e29182
K12448	#ca462e
K17839	#e29182
K07418	#903221
K02112	#e29182
K09842, K11817, K22417	#db7765
K11982	#e29182
K13412	#db7765
K00773	#d45d48
K14004	#db7765
K14313	#e29182
K04733	#ca462e
K16675	#e29182
K04079	#e29182
K14777	#e29182
K13783	#e29182
K20241	#db7765
K15631	#e29182
K13832	#d45d48
K18873	#db7765
K09286	#db7765
K04681	#e29182
K20168	#e29182
K15718	#e29182
K01580	#e29182
K11253	#e29182
K08472	#e29182
K09286	#d45d48
K13425, K13426	#ca462e
K11498	#e29182
K21630	#db7765
K10523	#e29182
K00454, K15718	#e29182
K08235	#db7765
K00858	#ca462e
K12879	#e29182
K13494, K13495	#db7765
K11252	#db7765
K09422	#e29182
K10691	#e29182
K00164	#db7765
K17193	#e29182
K20557	#e29182
K01365, K16290, K16292	#e29182
K00899	#e29182
K04733	#db7765
K00818	#e29182
K03327	#561e14
K05572, K05579	#e29182
K02982	#db7765
K02874	#e29182
K02948	#e29182
K20618	#db7765
K13448	#e29182
K04957, K12879	#db7765
K00472	#e29182
K00434	#e29182
K00434	#e29182
K05387	#e29182
K05387	#ad3c28
K05387	#e29182
K05387	#ad3c28
K08730	#e29182
K01623	#e29182
K00430	#e29182
K14184, K15795, K15799, K15803	#903221
K01850	#e29182
K19613	#e29182
K08193	#561e14
K02575	#ca462e
K01784	#e29182
K00940	#e29182
K18666	#e29182
K19755	#e29182
K15397	#ca462e
K04730	#ca462e
K20793	#e29182
K09955	#db7765
K13258	#db7765
K14293	#e29182
K01834	#d45d48
K05391	#e29182
K04714	#d45d48
K00787	#e29182
K01090	#e29182
K08867	#e29182
K17479	#db7765
K14571	#e29182
K00558	#e29182
K14432	#e29182
K01180	#e29182
K01180	#e29182
K10526	#d45d48
K14963	#db7765
K08332, K22499	#db7765
K04733	#e29182
K04733	#ca462e
K03320	#ca462e
K00924	#d45d48
K20714	#ca462e
K00799	#d45d48
K01102	#e29182
K00640	#e29182
K07195	#e29182
K20456	#e29182
K00737	#e29182
K09487	#e29182
K00873	#db7765
K08232	#db7765
K10664	#ca462e
K01537	#e29182
K01537	#e29182
K01537	#e29182
K04733	#e29182
K11866	#e29182
K10664	#d45d48
K22246	#ca462e
K15121	#d45d48
K08899, K14769	#e29182
K20720, K20721, K20723	#e29182
K00750	#ad3c28
K20725	#d45d48
K14184, K15795, K15799, K15803	None
K08770	#e29182
K12823	#e29182
K06067	#ca462e
K09260	#e29182
K01183	#d45d48
K01183	#e29182
K01183	#d45d48
K10523	#e29182
K11982	#e29182
K10573	#e29182
K03327	#db7765
K12353	#e29182
K10956	#e29182
K04421, K11229	#e29182
K15095	#73281a
K00847	#e29182
K14508	#e29182
K14826	#e29182
K10885	#db7765
K01648	#db7765
K13412	#e29182
K20562	#e29182
K01772	#ca462e
K07019, K13696	#db7765
K08967, K09419	#e29182
K15255, K17267	#e29182
K22419	#e29182
K15102	#903221
K02703	#e29182
K02992	#e29182
K02703, K03243	#e29182
K02110, K02155, K02919	#e29182
K09286	#e29182
K04125	#e29182
K09840	#e29182
K10666	#d45d48
K09286, K14517	#ad3c28
K09420, K09422, K21769	#e29182
K10527	#ca462e
K00626	#db7765
K11434	#e29182
K15084	#e29182
K15235	#e29182
K09580	#e29182
K12836	#e29182
K16282	#ad3c28
K16277	#e29182
K20667	#ca462e
K00831, K12591	#e29182
K03236	#e29182
K00029	#db7765
K04125	#ad3c28
K14514	#e29182
K11778	#e29182
K06268	#db7765
K12761	#e29182
K00227	#e29182
K11155	#e29182
K13459	#e29182
K07976	#d45d48
K00975	#e29182
K05605	#e29182
K11724	#e29182
K19043	#db7765
K13464	#db7765
K13448	#db7765
K08237	#e29182
K00327	#e29182
K20043	#e29182
K14486	#e29182
K13494, K13495	#e29182
K00737, K14484	#e29182
K08900	#db7765
K08900	#ad3c28
K17604	#e29182
K14638	#e29182
K00924	#db7765
K14488	#d45d48
K13448	#e29182
K09422	#e29182
K15014	#e29182
K14009	#e29182
K11839, K21343	#e29182
K18469	#e29182
K13464	#e29182
K09422	#e29182
K13051	#ca462e
K15255	#e29182
K10610	#d45d48
K03360, K10268	#e29182
K15115	#db7765
K06950	#e29182
K13459	#e29182
K13459	#e29182
K09286	#db7765
K11000	#e29182
K00968	#e29182
K00558	#e29182
K04506	#e29182
K15404	#ca462e
K01915	#e29182
K00326	#e29182
K08596, K13459	#e29182
K10808	#e29182
K01495	#e29182
K05391	#e29182
K19513	#e29182
K00327	#e29182
K01530, K14802	#db7765
K01184, K01213	#e29182
K08726	#db7765
K06269	#db7765
K01051	#e29182
K01051	#e29182
K18404	#e29182
K04710	#561e14
K02999	#e29182
K14709	#e29182
K14295	#e29182
K14709	#db7765
K01176	#db7765
K22074	#e29182
K20617	#ad3c28
K03549, K12236	#e29182
K18693	#db7765
K10418	#d45d48
K01601	#e29182
K02112	#e29182
K04630	#d45d48
K17795	#e29182
K14207	#e29182
K19613	#e29182
K01689	#d45d48
K14432	#e29182
K13783	#e29182
K05658	#db7765
K20241	#903221
K00021	#ca462e
K00384	#e29182
K01115	#db7765
K20725	#db7765
K09419	#d45d48
K00901	#db7765
K17506, K19704	#db7765
K20827	#e29182
K03327	#d45d48
K20623	#db7765
K05387	#e29182
K05387	#e29182
K00799	#e29182
K00799	#e29182
K22390	#e29182
K07977	#db7765
K01179	#e29182
K06170, K15356	#d45d48
K14948	#e29182
K03350	#e29182
K09571	#e29182
K18588	#e29182
K00799	#d45d48
K05387	#e29182
K14684	#e29182
K03100	#e29182
K01054	#d45d48
K14487	#d45d48
K11251	#e29182
K01090	#e29182
K04733	#e29182
K03517	#e29182
K19042	#db7765
K09597	#d45d48
K13354	#d45d48
K07870	#e29182
K08867	#e29182
K15255	#ca462e
K00799	#e29182
K20279	#e29182
K22381	#e29182
K01507	#db7765
K01507	#db7765
K08681	#e29182
K10706	#e29182
K15188	#e29182
K10260	#e29182
K21374	#ad3c28
K21374	#e29182
K03549	#e29182
K00888	#e29182
K13464	#db7765
K03842	#e29182
K04683, K09392	#e29182
K01657	#e29182
K14442	#e29182
K13412	#e29182
K07562	#e29182
K10526	#e29182
K00128	#db7765
K00737	#e29182
K05359	#ca462e
K00134	#db7765
K08176	#d45d48
K00799	#db7765
K01183	#ad3c28
K01183	#ad3c28
K14156	#d45d48
K01183	#ad3c28
K00033	#db7765
K08360	#e29182
K09517	#e29182
K17824	#e29182
K13065	#db7765
K07904, K07976	#e29182
K10666	#d45d48
K07904, K07905, K07976	#e29182
K14689	#e29182
K06269	#e29182
K01126	#e29182
K19613	#e29182
K12198	#db7765
K04733	#e29182
K02991, K14498	#e29182
K04730, K04733, K13420	#db7765
K14572	#e29182
K14572	#e29182
K08511	#e29182
K03327	#e29182
K11975	#ca462e
K14079	#e29182
K00558	#e29182
K09841	#e29182
K02111	#db7765
K02110, K02155, K02919	#e29182
K13448	#ca462e
K03145	#e29182
K07874	#e29182
K16609	#e29182
K13783	#e29182
K15283	#d45d48
K08678	#db7765
K09422	#ca462e
K08818	#e29182
K17917	#e29182
K18586	#e29182
K01557	#db7765
K14763	#e29182
K00753	#e29182
K18443	#e29182
K09754	#d45d48
K14488	#db7765
K01193	#d45d48
K09419	#e29182
K08237	#db7765
K07198, K12761	#d45d48
K01696	#d45d48
K08054	#db7765
K00122	#d45d48
K05954	#e29182
K02690	#db7765
K10635	#db7765
K11584	#e29182
K03006	#d45d48
K14517	#ad3c28
K13407, K20768, K20769	#e29182
K11644	#db7765
K09338	#d45d48
K20168	#e29182
K04371, K04464, K20600	#e29182
K01988	#ca462e
K13946	#e29182
K02641	#e29182
K04506, K08742	#e29182
K02303	#db7765
K15503	#903221
K14488	#d45d48
K14488	#d45d48
K14638	#e29182
K14638	#e29182
K08770	#db7765
K10908	#e29182
K11290	#e29182
K00799	#d45d48
K09422	#e29182
K07119, K19825	#e29182
K01115	#e29182
K14772	#e29182
K09060	#db7765
K11600	#e29182
K16547	#e29182
K13065	#db7765
K15078, K19613	#db7765
K15078, K19613	#d45d48
K04733	#d45d48
K16040	#e29182
K04730	#e29182
K13424	#73281a
K01626	#d45d48
K22246	#903221
K14484	#db7765
K00844	#e29182
K13648, K20867	#db7765
K13379	#e29182
K10846	#e29182
K03809	#db7765
K08869	#db7765
K14510	#e29182
K13422	#ad3c28
K22390	#e29182
K03283	#e29182
K11420	#e29182
K02154	#e29182
K21989	#e29182
K14411	#e29182
K14844	#e29182
K16055	#e29182
K14413	#db7765
K15397	#db7765
K22390	#e29182
K11650	#db7765
K06268	#ca462e
K15227	#73281a
K15223	#e29182
K08900	#ad3c28
K14487	#ca462e
K14649	#e29182
K13464	#ca462e
K04688	#e29182
K22379	#db7765
K13344	#e29182
K14806	#e29182
K08057	#db7765
K04733	#903221
K13508	#ca462e
K13648, K20867	#e29182
K09422	#e29182
K08900	#ca462e
K00128, K12355	#ad3c28
K01193, K20849	#db7765
K03322, K09775, K21398	#db7765
K21867	#e29182
K10950, K10976	#db7765
K15397	#e29182
K14771	#db7765
K00873	#e29182
K18999	#e29182
K08959, K08960	#e29182
K17046	#db7765
K05894	#d45d48
K00392	#e29182
K17479	#d45d48
K11724	#e29182
K19613	#e29182
K04733	#db7765
K00814	#db7765
K07195	#d45d48
K01807	#ca462e
K13356	#db7765
K08332	#e29182
K02886, K02965	#e29182
K01102	#ca462e
K01106, K20278, K20279	#d45d48
K00826	#e29182
K13412	#db7765
K04730	#e29182
K01193	#903221
K22415	#e29182
K13456	#db7765
K09338	#e29182
K18163	#e29182
K09286	#e29182
K00951	#d45d48
K02183	#ad3c28
K14521	#e29182
K03116, K12761	#d45d48
K00799	#e29182
K21867	#e29182
K09338	#db7765
K01537	#e29182
K15104	#d45d48
K03301	#d45d48
K07195	#ad3c28
K03283	#e29182
K02138	#e29182
K14856	#e29182
K07513	#d45d48
K04125	#db7765
K14674	#e29182
K01623	#e29182
K05747	#e29182
K09414, K09419	#d45d48
K01695, K13222	#db7765
K07052	#e29182
K13412	#e29182
K06965	#db7765
K00873	#e29182
K14497	#e29182
K00797	#e29182
K01809	#e29182
K21407	#e29182
K07304	#e29182
K00012	#e29182
K15015	#ad3c28
K12870	#e29182
K09286	#d45d48
K00695	#e29182
K06620, K12590	#db7765
K15397	#e29182
K10581	#e29182
K11982	#e29182
K10666	#e29182
K14809	#e29182
K07748	#e29182
K14684	#db7765
K00261	#e29182
K00800	#db7765
K03242	#db7765
K17098	#d45d48
K09480	#e29182
K11968	#d45d48
K08286	#e29182
K09680	#d45d48
K01648	#ca462e
K15849	#db7765
K00423	#73281a
K20858	#ca462e
K04733, K13420	#e29182
K00902	#db7765
K14508	#e29182
K18875	#e29182
K09286	#e29182
K15336	#e29182
K00587	#e29182
K04459, K21278	#d45d48
K19041	#e29182
K14516	#ad3c28
K01102	#ca462e
K09419	#e29182
K04733	#d45d48
K01904	#ca462e
K14487	#d45d48
K10666	#db7765
K14457	#db7765
K21374	#db7765
K12128, K14689	#e29182
K17506	#db7765
K16904	#e29182
K13210	#e29182
K01535	#e29182
K02886	#e29182
K05359	#db7765
K19323	#e29182
K05857	#e29182
K01899	#e29182
K11820, K13691, K21374	#d45d48
K11820, K13691, K21374	#e29182
K00699, K18822	#db7765
K20855	#e29182
K01681	#e29182
K15109	#db7765
K21354	#d45d48
K21354	#db7765
K16226	#ca462e
K05894	#e29182
K08057	#e29182
K04371	#e29182
K09284	#e29182
K01723, K17874	#d45d48
K01723, K17874	#db7765
K09286	#e29182
K20359	#e29182
K11855	#e29182
K13422	#e29182
K17294	#e29182
K10775, K13064	#d45d48
K15746	#e29182
K04079	#db7765
K05863	#e29182
K13496	#d45d48
K03676	#db7765
K11982, K19041	#e29182
K04683, K09392	#db7765
K20457	#db7765
K07195	#db7765
K09285	#ca462e
K18880	#db7765
K15275	#e29182
K11982, K22378	#e29182
K00850	#e29182
K13422	#e29182
K07562	#e29182
K10268	#e29182
K01373	#e29182
K15455	#e29182
K14314	#e29182
K01179	#e29182
K01427	#e29182
K10775, K13064	#ad3c28
K10775, K13064	#ca462e
K10775, K13064	#ad3c28
K10592	#e29182
K14803	#db7765
K13456	#db7765
K16055	#d45d48
K08057	#e29182
K03283	#e29182
K13196	#e29182
K04733	#e29182
K08332	#e29182
K13448	#e29182
K20720, K20721, K20723	#e29182
K21915, K21953	#903221
K08900	#e29182
K11426	#e29182
K14638	#e29182
K15227	#db7765
K15227	#e29182
K17893	#db7765
K20363	#e29182
K16282	#e29182
K09490	#e29182
K14293	#e29182
K09419	#db7765
K03539, K21456	#e29182
K03020	#e29182
K13414	#e29182
K00512, K07418, K15472	#d45d48
K03347	#e29182
K09287	#e29182
K15168	#e29182
K05765, K17578	#e29182
K22133	#d45d48
K13800	#e29182
K08900	#db7765
K12857	#e29182
K17508	#e29182
K08956	#e29182
K14209	#d45d48
K14209	#db7765
K14209	#db7765
K08472	#e29182
K00512, K07418, K15472	#ca462e
K14184, K15795, K15799, K15803	None
K08867	#db7765
K11824	#e29182
K09422	#db7765
K00753	#e29182
K00232	#e29182
K20353	#e29182
K17906	#e29182
K18998	#e29182
K00939	#e29182
K14638	#e29182
K12897	#db7765
K14803	#db7765
K05309	#db7765
K04730, K04733, K13420	#db7765
K11266	#e29182
K02958	#e29182
K14772	#e29182
K01537	#e29182
K01537	#e29182
K07953	#e29182
K01674	#ca462e
K04733	#db7765
K00924	#e29182
K00640	#e29182
K13095	#db7765
K01183	#ad3c28
K01183	#ad3c28
K00737	#db7765
K04730, K04733, K13420	#db7765
K14549	#e29182
K13258	#e29182
K17868	#e29182
K22390	#db7765
K01940	#d45d48
K11721	#e29182
K17470	#e29182
K21374	#db7765
K13412	#e29182
K18834	#e29182
K00430	#d45d48
K20367	#e29182
K07999	#db7765
K12815	#db7765
K09489	#e29182
K13113	#e29182
K15095	#ad3c28
K14795	#e29182
K00083	#d45d48
K21894	#db7765
K14412	#e29182
K09527	#ca462e
K01897	#e29182
K03327	#e29182
K01785	#db7765
K04733	#e29182
K08472	#d45d48
K08081	#d45d48
K00430	#db7765
K00430	#db7765
K04733	#e29182
K20221	#e29182
K00889	#e29182
K07874	#db7765
K17470, K17471	#d45d48
K20478	#e29182
K01880	#e29182
K01784	#d45d48
K04733	#e29182
K00658	#e29182
K20716	#e29182
K14793	#e29182
K11799	#e29182
K18932, K20031	#e29182
K01183, K20547	#d45d48
K16860	#db7765
K01590, K01649, K22427	#39140d
K22246	#ca462e
K08869	#e29182
K15032	#e29182
K12818	#db7765
K03327	#e29182
K14803	#e29182
K08900	#d45d48
K04733	#db7765
K11699	#e29182
K12183	#e29182
K12261	#e29182
K10753	#e29182
K02886	#e29182
K05572, K05579	#e29182
K12581	#d45d48
K07198	#e29182
K06630	#e29182
K03809	#e29182
K11290, K11778	#d45d48
K07766	#e29182
K14536	#e29182
K08505	#e29182
K14638	#e29182
K07385, K12467, K12742, K18108, K19968, K21925	#e29182
K07385, K12467, K12742, K18108, K19968, K21925	#e29182
K07385, K12467, K12742, K18108, K19968, K21925	#e29182
K18696	#e29182
K07195	#d45d48
K21915, K21953	#e29182
K04706	#db7765
K21773	#e29182
K04733	#ca462e
K14823	#e29182
K14802	#ca462e
K10525	#db7765
K05016	#db7765
K11446	#ca462e
K17871	#ca462e
K15210	#e29182
K21843	#e29182
K20168	#e29182
K12192	#db7765
K09286	#e29182
K00942	#d45d48
K20178	#e29182
K08832	#e29182
K10529	#d45d48
K13429	#d45d48
K13429	#db7765
K13429	#db7765
K09510	#e29182
K07428, K10717, K20660	#d45d48
K04733	#db7765
K04733	#e29182
K14503	#d45d48
K17081	#e29182
K09286	#e29182
K10661	#e29182
K09873	#e29182
K13464	#d45d48
K07195	#e29182
K04733, K13420	#db7765
K17686	#d45d48
K09422	#e29182
K12191	#e29182
K14664	#db7765
K00454, K15718	#903221
K08332	#e29182
K10775, K13064	#d45d48
K04733	#db7765
K12876	#e29182
K08486	#903221
K00949	#db7765
K16904	#e29182
K10268, K11594	#e29182
K19041	#e29182
K00588	#ad3c28
K00588	#ca462e
K00588	#73281a
K21867	#d45d48
K19784	#db7765
K03124	#e29182
K09754	#73281a
K10666	#e29182
K00850	#e29182
K17087	#db7765
K03868	#e29182
K22378	#561e14
K04733	#e29182
K14638	#db7765
K00430	#73281a
K00430	#39140d
K00430	#ad3c28
K13448	#db7765
K10401	#e29182
K08770	#db7765
K00472, K09422	#e29182
K13448	#db7765
K02728	#e29182
K06883	#e29182
K05933	#d45d48
K11820, K13691	#d45d48
K20843	#db7765
K19861	#d45d48
K20889	#db7765
K10258	#e29182
K01365	#e29182
K17686	#e29182
K00279	#ca462e
K01054	#e29182
K01408	#e29182
K00799	#e29182
K16240	#e29182
K17681	#e29182
K06199	#db7765
K00083	#e29182
K13425	#db7765
K01183	#ca462e
K09533	#e29182
K09533	#e29182
K08330	#e29182
K07428, K10717, K20660	#d45d48
K03265	#db7765
K09338	#e29182
K08241	#e29182
K14317	#e29182
K21776	#e29182
K10527	#e29182
K12197	#e29182
K19791	#db7765
K03935	#e29182
K02982	#d45d48
K16282	#73281a
K00869	#db7765
K01648	#d45d48
K10578	#e29182
K11548	#e29182
K00799	#e29182
K13412	#e29182
K10666	#e29182
K02260	#d45d48
K20665	#ad3c28
K20665	#ad3c28
K20665	#ad3c28
K00924, K04733	#e29182
K04733	#e29182
K09514	#db7765
K00036	#db7765
K19371	#e29182
K15711	#e29182
K00654	#e29182
K10256, K21704, K21736	#e29182
K00750	#ca462e
K04733	#e29182
K14289	#e29182
K14432	#e29182
K12501	#e29182
K20624	#db7765
K13335	#e29182
K10523	#e29182
K08867	#e29182
K17492	#e29182
K08900	#d45d48
K08852	#e29182
K05387	#e29182
K14484	#e29182
K03859	#e29182
K00799	#d45d48
K22378	#e29182
K20843	#d45d48
K18368	#d45d48
K15728	#e29182
K01897	#db7765
K17943	#e29182
K07025	#d45d48
K03231	#e29182
K20536	#ca462e
K19476	#e29182
K13348	#db7765
K08503	#e29182
K00966	#e29182
K12606	#e29182
K04733	#e29182
K00026	#db7765
K13699	#e29182
K00948	#db7765
K16675	#ca462e
K08332	#e29182
K15292	#db7765
K09503	#e29182
K06628	#d45d48
K06628	#d45d48
K14181, K15803, K22064, K22065	#ad3c28
K20855	#e29182
K11648	#e29182
K01054, K11649	#db7765
K01001	#e29182
K05391	#e29182
K18998	#e29182
K10635, K19041	#e29182
K13347, K13348	#db7765
K21373	#d45d48
K00006	#db7765
K00279	#d45d48
K01583	#e29182
K09874	#d45d48
K03327	#d45d48
K22312	#e29182
K11778	#e29182
K21374	#db7765
K08832	#e29182
K00487	#ad3c28
K00487	#ad3c28
K03843	#e29182
K08900	#d45d48
K15502	#e29182
K08202	#db7765
K09422	#e29182
K14066	#e29182
K00326	#db7765
K02893	#e29182
K00430	#ca462e
K09480	#e29182
K01087	#e29182
K19861	#e29182
K19861	#e29182
K00588	#e29182
K06682, K07976	#db7765
K03696	#d45d48
K03004	#e29182
K20359	#e29182
K10717, K20660	#e29182
K10717, K20660	#e29182
K11650	#e29182
K08900	#ca462e
K07198	#e29182
K04733	#e29182
K18873	#d45d48
K04515, K08794	#db7765
K04515, K08794	#db7765
K14431	#e29182
K06689	#db7765
K18635	#903221
K09584	#e29182
K10901	#e29182
K20241	#db7765
K17964	#e29182
K01537	#db7765
K03145	#e29182
K16276	#e29182
K10666	#d45d48
K09875	#e29182
K22376	#db7765
K14593, K14594	#d45d48
K09419	#db7765
K15119	#e29182
K15305	#e29182
K17925	#e29182
K13832	#d45d48
K04565	#e29182
K13648	#e29182
K08900, K14692	#e29182
K04733	#ca462e
K04733	#ca462e
K07766	#e29182
K13347, K13348	#e29182
K09874	#db7765
K19365	#e29182
K11341	#e29182
K01194	#db7765
K09490	#e29182
K10256, K21704, K21710, K21736	#903221
K13832	#d45d48
K13832	#d45d48
K09250	#db7765
K08236	#db7765
K04733	#d45d48
K15683	#e29182
K15340	#db7765
K20618	#e29182
K01762, K20772	#ca462e
K00799	#e29182
K07025	#db7765
K09510	#db7765
K14500	#e29182
K04730, K04733, K13420	#e29182
K14569	#e29182
K05864	#e29182
K13423, K13424	#d45d48
K17498	#e29182
K00083	#e29182
K00083	#db7765
K06911	#ca462e
K10418	#e29182
K01110	#e29182
K10268, K10273	#d45d48
K20222	#e29182
K20222	#e29182
K00021	#ca462e
K11982	#e29182
K10781	#e29182
K14487	#ca462e
K09832	#ad3c28
K12236	#db7765
K02108, K03046	#e29182
K02112	#e29182
K02634	#e29182
K01358	#e29182
K08486	#e29182
K13989	#e29182
K16815	#db7765
K09518	#e29182
K10601	#e29182
K01537	#db7765
K01102, K17500	#e29182
K20891	#e29182
K15026	#e29182
K19476	#d45d48
K15015	#db7765
K14492	#e29182
K04125	#e29182
K11492	#db7765
K08269	#e29182
K01115	#e29182
K15277	#ad3c28
K05863	#e29182
K17506	#d45d48
K09527	#e29182
K13448	#ca462e
K13103	#e29182
K15032	#e29182
K19761	#e29182
K01647	#e29182
K14432	#d45d48
K00318	#e29182
K13459	#e29182
K12581	#d45d48
K14011	#e29182
K08900	#e29182
K11805	#e29182
K09338	#e29182
K03327	#e29182
K03327	#e29182
K08790	#e29182
K14496	#e29182
K01595	#e29182
K13412	#e29182
K09419	#db7765
K21026	#e29182
K08900	#d45d48
K20032	#e29182
K14001	#e29182
K04730, K13428	#d45d48
K19517	#db7765
K19613	#db7765
K16280, K20929	#e29182
K21734, K21737	#e29182
K13425	#e29182
K12948	#e29182
K00264	#e29182
K00857	#e29182
K14411	#e29182
K07904	#e29182
K01641	#e29182
K16280	#d45d48
K06676	#e29182
K01679	#db7765
K15104	#db7765
K15442	#db7765
K09419	#e29182
K05658	#db7765
K00915, K11251	#ad3c28
K15979	#e29182
K08054	#e29182
K13447	#ad3c28
K00232	#e29182
K19613	#e29182
K00820	#d45d48
K20924	#db7765
K10664	#db7765
K18835	#e29182
K10374	#e29182
K20858	#e29182
K12386	#e29182
K16055	#d45d48
K10523	#e29182
K06890	#e29182
K00430	#e29182
K15100	#e29182
K01580	#73281a
K10956	#e29182
K16055	#db7765
K16271	#e29182
K12169	#e29182
K00512, K07418, K15472	#903221
K00512, K07418, K15472	#561e14
K03025	#e29182
K21843	#e29182
K10406	#ca462e
K00799	#ca462e
K17086	#e29182
K14802	#e29182
K08486	#db7765
K09580	#e29182
K19476	#db7765
K20547	#ca462e
K17794	#e29182
K00671, K02218	#e29182
K02112	#e29182
K02704	#e29182
K15397	#e29182
K07195	#e29182
K08959, K08960	#e29182
K14440	#e29182
K08509, K18211	#db7765
K10664	#ad3c28
K17479	#e29182
K09458	#e29182
K13448	#e29182
K13993	#db7765
K08867	#e29182
K20478	#e29182
K12655	#e29182
K21596	#e29182
K21596	#e29182
K21354	#d45d48
K21354	#e29182
K14181, K15803, K22064, K22065	#e29182
K14431	#e29182
K20893	#e29182
K10395	#e29182
K08738	#db7765
K13448	#e29182
K13508	#d45d48
K15113	#e29182
K20538	#e29182
K20474	#e29182
K10418	#e29182
K15777	#e29182
K03327	#e29182
K08472	#e29182
K11816	#e29182
K10357	#e29182
K01507	#e29182
K08819	#db7765
K16900	#db7765
K01823	#db7765
K01904	#ca462e
K13494, K13495	#db7765
K18134	#ca462e
K09338	#e29182
K00799	#e29182
K19613	#db7765
K13424	#e29182
K01530, K14802	#ca462e
K05402	#d45d48
K13065	#db7765
K22395	#903221
K01583	#db7765
K07761, K07999	#ca462e
K10256, K21704, K21710, K21736	#73281a
K15404	#db7765
K10256, K21704, K21736	#db7765
K10256, K21704, K21710, K21736	#73281a
K10256, K21704, K21710, K21736	#561e14
K10256, K21704, K21710, K21736	#73281a
K10256, K21704, K21710, K21736	#73281a
K19613	#e29182
K13448	#d45d48
K20556	#db7765
K04421	#ca462e
K19791	#e29182
K09377	#db7765
K05658	#d45d48
K05389	#db7765
K00901	#e29182
K15119	#e29182
K09518	#e29182
K19476	#e29182
K04716	#db7765
K01115	#db7765
K14721	#e29182
K02492	#ca462e
K19043	#e29182
K01641	#db7765
K01074	#db7765
K20899	#e29182
K01762, K20772	#903221
K20283	#e29182
K13065	#ca462e
K11430	#e29182
K15227	#d45d48
K04354, K07393, K20174	#e29182
K01597	#db7765
K05359	#ca462e
K10730	#e29182
K07904	#e29182
K14191	#e29182
K01507	#ca462e
K03574, K20986	#db7765
K13648	#e29182
K19619	#e29182
K01578	#e29182
K03696	#e29182
K01937	#e29182
K07904	#e29182
K06185	#e29182
K02607	#e29182
K22138	#e29182
K20241	#e29182
K09286	#e29182
K09286, K13432, K14517	#db7765
K02518, K02948, K03040	#e29182
K00799	#db7765
K00799	#d45d48
K21121	#e29182
K13448	#db7765
K04710	#e29182
K14288	#e29182
K13420	#e29182
K13947	#e29182
K14431	#db7765
K02907	#e29182
K15084	#e29182
K17302	#ad3c28
K04427	#db7765
K21026	#ca462e
K09284	#e29182
K04802	#e29182
K17805	#e29182
K01054	#d45d48
K00942	#e29182
K00432	#e29182
K14488	#db7765
K10374	#e29182
K08235	#db7765
K17108	#e29182
K00383	#db7765
K00789	#d45d48
K14496	#e29182
K07253	#db7765
K05666	#e29182
K09338	#73281a
K00924	#d45d48
K07198, K12761	#e29182
K01873	#e29182
K15631	#e29182
K05016	#e29182
K00939	#ca462e
K13448	#d45d48
K04733	#d45d48
K14493	#e29182
K03676	#e29182
K11842	#e29182
K21596	#e29182
K17506	#db7765
K13627, K14427	#e29182
K13366	#db7765
K22246	#d45d48
K07213	#e29182
K03549	#e29182
K16055	#db7765
K08794, K13412	#e29182
K07893	#e29182
K00616	#db7765
K01610	#e29182
K13434	#db7765
K14638	#e29182
K04733	#db7765
K06955	#e29182
K10357	#e29182
K12947	#e29182
K13429	#db7765
K14500	#e29182
K07375	#e29182
K04730, K04733, K13420	#e29182
K04733, K13420	#e29182
K20359	#e29182
K03262	#e29182
K19613	#e29182
K19613	#e29182
K21777	#e29182
K14317	#e29182
K15032	#e29182
K08081	#ad3c28
K17506	#e29182
K14487	#903221
K20368	#db7765
K00924, K03083	#db7765
K08900	#d45d48
K04713	#ad3c28
K12127	#e29182
K13496	#903221
K05391	#e29182
K01358	#e29182
K02518, K02948, K03040	#e29182
K02982	#db7765
K02874	#db7765
K12471	#e29182
K21373	#db7765
K09422	#d45d48
K20716	#d45d48
K08900	#d45d48
K08900	#e29182
K09503	#db7765
K20783	#e29182
K17508	#e29182
K11855	#e29182
K03844	#db7765
K22314	#e29182
K08679	#d45d48
K03006	#e29182
K04043	#e29182
K04043	#e29182
K04536	#e29182
K08342	#e29182
K19347	#e29182
K14514	#e29182
K08332	#ad3c28
K00799	#d45d48
K15208	#e29182
K13464	#db7765
K00021	#ca462e
K03935	#e29182
K08235	#e29182
K20456	#e29182
K20098	#e29182
K14504	#db7765
K00512, K13260, K20623	#db7765
K00512, K20623	#db7765
K21398	#e29182
K12462	#76d3ee
K09519	#56c9ea
K03327	#76d3ee
K11275	#76d3ee
K13495	#1ab2df
K07964, K20027	#36bee6
K11290	#76d3ee
K17710	#36bee6
K05750	#76d3ee
K02931	#76d3ee
K15032	#76d3ee
K03026	#76d3ee
K02639	#56c9ea
K13680	#76d3ee
K17470	#76d3ee
K03671	#56c9ea
K19269	#76d3ee
K11000	#76d3ee
K14810	#76d3ee
K01381	#36bee6
K10529	#56c9ea
K10529	#76d3ee
K04733	#56c9ea
K08332	#76d3ee
K00666	#56c9ea
K07428, K10717, K20660	#36bee6
K07390	#56c9ea
K00512, K07408, K07409, K07418	#76d3ee
K03676	#76d3ee
K10144	#76d3ee
K14485	#56c9ea
K04733	#76d3ee
K13415	#36bee6
K05391	#76d3ee
K17710	#76d3ee
K10999	#76d3ee
K20285	#56c9ea
K04035	#1ab2df
K07393	#76d3ee
K02864	#76d3ee
K01623	#56c9ea
K20720, K20721	#76d3ee
K21630	#56c9ea
K15264	#76d3ee
K16911	#76d3ee
K02324	#76d3ee
K01246	#56c9ea
K14826	#56c9ea
K16055	#76d3ee
K01179	#56c9ea
K20535	#76d3ee
K03665	#56c9ea
K13412	#76d3ee
K11433	#76d3ee
K00975	#56c9ea
K00858	#76d3ee
K15032	#76d3ee
K17964	#56c9ea
K05864	#76d3ee
K13494, K13495	#76d3ee
K19041	#76d3ee
K10400	#56c9ea
K11864	#76d3ee
K09756, K16296	#76d3ee
K08234	#76d3ee
K11314	#76d3ee
K14488	#56c9ea
K02693	#56c9ea
K01179	#76d3ee
K14638	#36bee6
K07904, K07976	#76d3ee
K15200	#76d3ee
K00975	#56c9ea
K10869	#76d3ee
K14406	#76d3ee
K08498, K08500	#76d3ee
K21437	#76d3ee
K00430	#36bee6
K02115, K08341	#56c9ea
K00703	#76d3ee
K14496	#36bee6
K21407	#56c9ea
K10143	#56c9ea
K13459, K13460, K20599	#56c9ea
K13459, K13460, K20599	#56c9ea
K14567	#56c9ea
K13993	#76d3ee
K10357	#76d3ee
K00588	#76d3ee
K09422	#76d3ee
K15285	#76d3ee
K14309	#76d3ee
K14292	#76d3ee
K15920	#1ab2df
K10401	#76d3ee
K13494, K13495	#76d3ee
K03124	#76d3ee
K13494, K13495	#1ab2df
K10999	#76d3ee
K18633	#76d3ee
K03086	#1ab2df
K03320	#1698bf
K14484	#56c9ea
K15201	#56c9ea
K16040	#36bee6
K00276	#76d3ee
K09422	#36bee6
K14172	#76d3ee
K21734, K21737	#56c9ea
K14638	#56c9ea
K13066	#76d3ee
K01939	#76d3ee
K03124	#76d3ee
K13494, K13495	#76d3ee
K18995, K20101	#76d3ee
K01568	#76d3ee
K01535	#76d3ee
K18749	#76d3ee
K07555	#76d3ee
K02184	#36bee6
K01051	#76d3ee
K07393	#56c9ea
K01728	#56c9ea
K17710	#56c9ea
K15398, K20544	#76d3ee
K04123	#76d3ee
K14638	#76d3ee
K14500	#76d3ee
K10400	#76d3ee
K17525	#76d3ee
K18151	#76d3ee
K04392	#76d3ee
K00276	#1ab2df
K20718	#56c9ea
K10352	#56c9ea
K10357	#76d3ee
K12121	#56c9ea
K12121	#56c9ea
K13946	#56c9ea
K11294	#56c9ea
K15449, K16302	#76d3ee
K03671	#76d3ee
K09872	#76d3ee
K09285	#76d3ee
K06617	#76d3ee
K14508	#76d3ee
K14270	#56c9ea
K09286	#76d3ee
K04730, K04733	#76d3ee
K11752	#76d3ee
K02604	#76d3ee
K11593	#76d3ee
K18757	#76d3ee
K14638	#76d3ee
K14638	#76d3ee
K14638	#76d3ee
K19466	#76d3ee
K15622	#76d3ee
K08332	#76d3ee
K11821, K22321	#56c9ea
K11821, K22321	#1ab2df
K17964	#36bee6
K08907	#36bee6
K08907	#36bee6
K01303	#76d3ee
K15283	#76d3ee
K02935	#76d3ee
K01103	#56c9ea
K01166	#36bee6
K01166	#56c9ea
K00765	#76d3ee
K00688	#76d3ee
K05350	#1ab2df
K03010, K16252	#76d3ee
K04733	#76d3ee
K14977	#76d3ee
K19706	#76d3ee
K10352	#56c9ea
K00218	#36bee6
K03696	#76d3ee
K09419	#76d3ee
K05280	#76d3ee
K10352	#1ab2df
K01809	#76d3ee
K06901	#76d3ee
K00306	#76d3ee
K09142	#76d3ee
K01426	#76d3ee
K01426	#76d3ee
K01426	#76d3ee
K16223	#76d3ee
K15032	#36bee6
K00432	#76d3ee
K09338	#76d3ee
K09338	#76d3ee
K09286	#56c9ea
K01662	#1ab2df
K19041	#76d3ee
K11274	#76d3ee
K05658	#76d3ee
K14503	#76d3ee
K01899	#76d3ee
K00430	#76d3ee
K10398	#76d3ee
K08912, K08913	#56c9ea
K20628	#56c9ea
K02221	#56c9ea
K01379, K01381	#76d3ee
K02990	#76d3ee
K07574	#76d3ee
K03216	#76d3ee
K14270	#76d3ee
K14401	#76d3ee
K01869	#76d3ee
K13459, K13460, K20599	#76d3ee
K13459, K13460, K20599	#56c9ea
K13459, K13460, K20599	#56c9ea
K11416	#76d3ee
K13946	#76d3ee
K14499	#1ab2df
K09756, K16296	#56c9ea
K04078	#76d3ee
K01623	#76d3ee
K08236	#76d3ee
K21776	#76d3ee
K04733	#56c9ea
K07033	#76d3ee
K15108	#76d3ee
K08762	#76d3ee
K02639	#76d3ee
K10635, K19041	#76d3ee
K11820, K13691	#56c9ea
K18416, K18418	#76d3ee
K11592	#76d3ee
K10143	#56c9ea
K20069	#76d3ee
K05387	#76d3ee
K10398	#76d3ee
K09756, K16296	#76d3ee
K09756, K16296	#56c9ea
K07408, K07418	#56c9ea
K01379, K01381	#76d3ee
K01673	#76d3ee
K02134	#76d3ee
K02899	#76d3ee
K15919	#76d3ee
K15919	#76d3ee
K09260	#76d3ee
K15502	#76d3ee
K04733	#76d3ee
K10357	#76d3ee
K21734, K21737	#1ab2df
K14638	#76d3ee
K00975	#76d3ee
K05658	#76d3ee
K07374	#56c9ea
K09338	#36bee6
K11982	#76d3ee
K12761	#56c9ea
K00121	#76d3ee
K07407	#76d3ee
K19355	#76d3ee
K18626	#36bee6
K00275, K17759	#76d3ee
K02213	#76d3ee
K03809	#76d3ee
K07555	#76d3ee
K10999	#76d3ee
K10352	#76d3ee
K00924	#76d3ee
K00231	#76d3ee
K21866	#76d3ee
K15191	#76d3ee
K02493	#76d3ee
K03541	#76d3ee
K11593	#76d3ee
K20092	#76d3ee
K07408	#76d3ee
K04733	#36bee6
K13448	#76d3ee
K08286	#36bee6
K01285	#56c9ea
K11414	#76d3ee
K14972	#76d3ee
K16221	#36bee6
K01845	#76d3ee
K11275	#56c9ea
K01115	#76d3ee
K14491	#76d3ee
K21374	#76d3ee
K08065	#56c9ea
K02863	#76d3ee
K09590	#1ab2df
K16732	#76d3ee
K01166	#76d3ee
K10398	#76d3ee
K03143	#76d3ee
K20478	#76d3ee
K20867	#76d3ee
K08504	#76d3ee
K09841	#76d3ee
K02698	#36bee6
K10666	#76d3ee
K11593	#76d3ee
K05929	#76d3ee
K05929	#76d3ee
K19893	#36bee6
K21444	#76d3ee
K03147	#56c9ea
K00512, K07408, K14985	#76d3ee
K19861	#76d3ee
K11275	#76d3ee
K04733	#56c9ea
K08900	#76d3ee
K08899, K14769	#56c9ea
K14638	#76d3ee
K00640	#76d3ee
K03671	#76d3ee
K09880, K16054	#76d3ee
K01051	#56c9ea
K02881	#76d3ee
K08269	#76d3ee
K01051	#76d3ee
K01056	#76d3ee
K02219	#76d3ee
K04630	#76d3ee
K19041	#56c9ea
K02563	#76d3ee
K01638	#56c9ea
K21407	#76d3ee
K09528	#36bee6
K09338	#56c9ea
K13459	#56c9ea
K19613	#76d3ee
K19202	#76d3ee
K13789	#36bee6
K00844	#76d3ee
K19996	#56c9ea
K01099	#76d3ee
K13494, K13495	#76d3ee
K13947	#76d3ee
K13459, K13460, K20599	#76d3ee
K02355	#76d3ee
K03146	#36bee6
K01051	#1ab2df
K00281	#76d3ee
K05349	#76d3ee
K07198	#76d3ee
K03116	#76d3ee
K19747	#76d3ee
K05933	#56c9ea
K16871	#76d3ee
K10994	#76d3ee
K00852	#76d3ee
K20478	#56c9ea
K15223	#76d3ee
K14016	#76d3ee
K11126	#76d3ee
K14431	#76d3ee
K02083	#76d3ee
K08065	#36bee6
K13648	#76d3ee
K11821, K22321	#76d3ee
K00889	#76d3ee
K01188, K05349	#56c9ea
K18400	#76d3ee
K11593	#76d3ee
K00876	#76d3ee
K10405	#76d3ee
K13993	#76d3ee
K08857	#36bee6
K03952	#76d3ee
K13457	#76d3ee
K08235	#1698bf
K00512	#1ab2df
K14570	#76d3ee
K20720, K20721, K20723	#76d3ee
K08237	#76d3ee
K22390	#76d3ee
K00002	#76d3ee
K01051	#36bee6
K16732	#56c9ea
K00511	#76d3ee
K09285	#56c9ea
K08286	#76d3ee
K00939	#76d3ee
K14557	#76d3ee
K03428	#56c9ea
K03798	#76d3ee
K09510	#76d3ee
K20478	#76d3ee
K20241	#36bee6
K11699	#56c9ea
K12118	#56c9ea
K09873	#76d3ee
K20093	#76d3ee
K15397	#56c9ea
K00588	#76d3ee
K00799	#76d3ee
K02295	#76d3ee
K19037	#1ab2df
K16297	#76d3ee
K03797	#76d3ee
K02716	#36bee6
K00703	#36bee6
K08912	#36bee6
K08912	#36bee6
K08912	#36bee6
K00924	#56c9ea
K14484	#56c9ea
K04124	#76d3ee
K00960, K10908	#76d3ee
K20870	#56c9ea
K13963	#56c9ea
K13192	#76d3ee
K21852	#76d3ee
K16297	#76d3ee
K08914	#1ab2df
K00799	#76d3ee
K03686	#76d3ee
K10752	#76d3ee
K04392	#76d3ee
K04733	#76d3ee
K01872	#76d3ee
K05909	#1ab2df
K13600	#36bee6
K22378	#36bee6
K18422	#76d3ee
K04730, K04733, K13420	#76d3ee
K01214	#76d3ee
K18677, K19347	#76d3ee
K01214	#76d3ee
K17470, K17471	#36bee6
K10418	#36bee6
K06670	#76d3ee
K15032	#1ab2df
K08967	#76d3ee
K14484	#76d3ee
K03093	#36bee6
K11593	#76d3ee
K21374	#76d3ee
K03801	#76d3ee
K14499	#1ab2df
K15891	#56c9ea
K03164	#76d3ee
K08331	#76d3ee
K13496	#76d3ee
K19043	#76d3ee
K02888	#76d3ee
K07897	#56c9ea
K03254	#76d3ee
K00913	#76d3ee
K19035	#76d3ee
K03255	#76d3ee
K00858	#76d3ee
K18159	#56c9ea
K08901	#36bee6
K01537	#76d3ee
K07407	#76d3ee
K02639	#56c9ea
K02639	#36bee6
K06119	#76d3ee
K01859	#56c9ea
K22450	#76d3ee
K07198, K12761	#76d3ee
K03093	#56c9ea
K10406	#56c9ea
K02871	#76d3ee
K04733	#56c9ea
K01102	#76d3ee
K00799	#76d3ee
K10268	#56c9ea
K01728	#56c9ea
K17098	#76d3ee
K08999	#56c9ea
K20240	#36bee6
K08145	#76d3ee
K00876	#76d3ee
K08910	#1ab2df
K16222	#76d3ee
K16584	#76d3ee
K11450	#56c9ea
K14491	#76d3ee
K12115, K12117	#76d3ee
K02357	#76d3ee
K19891	#56c9ea
K00454	#76d3ee
K03860	#76d3ee
K13508	#36bee6
K13667	#76d3ee
K19073	#76d3ee
K09872	#76d3ee
K08867	#56c9ea
K02918	#76d3ee
K04718	#76d3ee
K09534	#76d3ee
K03553	#76d3ee
K08867	#76d3ee
K15502	#56c9ea
K09338	#76d3ee
K19562	#76d3ee
K20843	#76d3ee
K16732	#76d3ee
K13456	#56c9ea
K12116	#76d3ee
K05909	#76d3ee
K14760	#56c9ea
K07428, K10717, K20660	#36bee6
K03320, K07573	#56c9ea
K03320, K07573	#76d3ee
K00366	#56c9ea
K14492	#1ab2df
K09756, K16296	#76d3ee
K06195	#76d3ee
K08235	#36bee6
K13495	#1ab2df
K13495	#36bee6
K09838	#76d3ee
K15285	#76d3ee
K03283	#56c9ea
K03006	#56c9ea
K01094	#76d3ee
K02717	#76d3ee
K01462	#76d3ee
K13207	#76d3ee
K20642	#56c9ea
K15174	#76d3ee
K02717	#76d3ee
K11275	#76d3ee
K11498	#76d3ee
K00819	#76d3ee
K00924	#56c9ea
K03294, K13865, K13866	#56c9ea
K20790	#76d3ee
K03797	#76d3ee
K11672	#76d3ee
K21026	#76d3ee
K00924	#56c9ea
K02725	#56c9ea
K21843	#76d3ee
K01490	#76d3ee
K13065	#36bee6
K00799	#76d3ee
K14638	#56c9ea
K22312	#76d3ee
K00951	#76d3ee
K06228	#76d3ee
K14498	#76d3ee
K10400	#76d3ee
K12128, K12130	#76d3ee
K02114, K05658	#76d3ee
K10268	#76d3ee
K17345	#76d3ee
K01466	#56c9ea
K07456	#76d3ee
K01206	#56c9ea
K08908	#76d3ee
K19355	#76d3ee
K14945	#76d3ee
K16732	#76d3ee
K03545	#56c9ea
K03531	#76d3ee
K10268	#76d3ee
K03327	#76d3ee
K00512, K07408, K14985	#76d3ee
K09550	#76d3ee
K09419	#56c9ea
K14686	#56c9ea
K20887	#76d3ee
K14488	#76d3ee
K01166	#76d3ee
K09753	#76d3ee
K02519	#56c9ea
K08242	#56c9ea
K20793	#76d3ee
K15382	#56c9ea
K00966	#76d3ee
K19040	#56c9ea
K21396	#76d3ee
K09338	#76d3ee
K08235	#56c9ea
K09338	#76d3ee
K00759	#56c9ea
K20888	#76d3ee
K19791	#76d3ee
K01087	#76d3ee
K07305	#76d3ee
K08906	#76d3ee
K10206	#56c9ea
K12812	#76d3ee
K00640	#56c9ea
K20628	#56c9ea
K00703	#76d3ee
K00703	#76d3ee
K05298	#56c9ea
K15429	#56c9ea
K09756, K16296	#76d3ee
K01939	#56c9ea
K10527	#76d3ee
K05857	#56c9ea
K17479	#36bee6
K18577	#56c9ea
K06611	#76d3ee
K00940	#76d3ee
K10534	#56c9ea
K02721	#36bee6
K21434	#76d3ee
K11271	#76d3ee
K15404	#76d3ee
K13146, K13420	#76d3ee
K09842, K11817, K22417	#76d3ee
K08145	#76d3ee
K12135	#56c9ea
K12135	#56c9ea
K21444	#76d3ee
K02717	#56c9ea
K14638	#1ab2df
K11821, K22321	#36bee6
K12881	#76d3ee
K03549	#76d3ee
K17710	#76d3ee
K08059	#76d3ee
K03177	#76d3ee
K04733	#76d3ee
K12121	#56c9ea
K09420, K09422	#76d3ee
K06129	#56c9ea
K00951	#76d3ee
K01051	#76d3ee
K17427	#76d3ee
K13421	#76d3ee
K20891	#76d3ee
K01247	#36bee6
K03549	#76d3ee
K09828	#76d3ee
K14638	#56c9ea
K13525	#76d3ee
K18726	#56c9ea
K14492	#1698bf
K10396	#76d3ee
K08916	#56c9ea
K02945	#76d3ee
K02113	#56c9ea
K19761	#76d3ee
K09828	#56c9ea
K02694	#56c9ea
K02694	#36bee6
K11000	#76d3ee
K19041	#76d3ee
K13150	#76d3ee
K21374	#56c9ea
K06443	#56c9ea
K11584	#56c9ea
K01166	#76d3ee
K01166	#76d3ee
K01166	#36bee6
K13494, K13495	#76d3ee
K16075	#76d3ee
K01285	#76d3ee
K08902	#36bee6
K20623	#1ab2df
K01551	#76d3ee
K14857	#76d3ee
K16276	#76d3ee
K04077	#76d3ee
K14319	#76d3ee
K08241, K21483	#36bee6
K08869	#56c9ea
K20562	#56c9ea
K07375	#76d3ee
K03768	#56c9ea
K14168	#76d3ee
K09420, K09422, K21769	#76d3ee
K00121	#76d3ee
K00166	#56c9ea
K00166	#56c9ea
K11296	#76d3ee
K17275, K17276	#56c9ea
K16296	#76d3ee
K12176	#76d3ee
K05391	#56c9ea
K13495	#36bee6
K15414	#76d3ee
K10664	#56c9ea
K12130	#76d3ee
K00012	#76d3ee
K19891	#76d3ee
K16221	#76d3ee
K13459, K13460, K20599	#76d3ee
K01728	#76d3ee
K01785	#76d3ee
K09872	#76d3ee
K00924	#76d3ee
K12617	#76d3ee
K21354	#56c9ea
K01602	#76d3ee
K14496	#76d3ee
K21989	#36bee6
K01188, K05349	#56c9ea
K09842, K11817, K22417	#76d3ee
K05909	#56c9ea
K13126	#76d3ee
K00521	#36bee6
K14484	#56c9ea
K14489	#76d3ee
K01897	#76d3ee
K19748	#76d3ee
K08679	#56c9ea
K15746	#76d3ee
K02641	#56c9ea
K11851	#76d3ee
K11804	#76d3ee
K13093	#76d3ee
K13065, K15400	#36bee6
K20283	#56c9ea
K09873	#76d3ee
K07408, K14985	#36bee6
K10875	#76d3ee
K21354	#76d3ee
K08272	#76d3ee
K01537	#76d3ee
K20417	#1ab2df
K08081	#56c9ea
K11844	#76d3ee
K19530	#76d3ee
K00512, K07418, K15472	#76d3ee
K04079	#76d3ee
K20715	#76d3ee
K20556	#76d3ee
K09756, K16296	#56c9ea
K18798	#76d3ee
K14638	#76d3ee
K18810	#56c9ea
K05607	#76d3ee
K13679	#76d3ee
K04733	#76d3ee
K22312	#36bee6
K22312	#36bee6
K22312	#36bee6
K09597	#76d3ee
K09872	#76d3ee
K07904	#56c9ea
K01728	#76d3ee
K09338	#36bee6
K15032	#36bee6
K09872	#76d3ee
K09201, K20828	#76d3ee
K07375	#76d3ee
K09013	#76d3ee
K07437	#56c9ea
K08900	#76d3ee
K08956	#76d3ee
K00521	#76d3ee
K04733	#56c9ea
K17469	#76d3ee
K09873	#76d3ee
K03152	#56c9ea
K14790	#76d3ee
K13448	#76d3ee
K01114	#56c9ea
K21373	#76d3ee
K03083, K14502	#56c9ea
K03086	#76d3ee
K15235	#76d3ee
K05349	#76d3ee
K03255	#56c9ea
K20619	#76d3ee
K14485	#76d3ee
K04730, K04733, K13420	#76d3ee
K00784	#76d3ee
K01051	#56c9ea
K09528	#56c9ea
K09528	#56c9ea
K02717	#76d3ee
K02988	#76d3ee
K03155	#76d3ee
K15223	#76d3ee
K09131	#76d3ee
K02209, K11592	#76d3ee
K01187	#56c9ea
K13258	#56c9ea
K06949	#76d3ee
K16908	#76d3ee
K08912, K08913	#56c9ea
K03086	#76d3ee
K00793	#76d3ee
K00793	#76d3ee
K15399, K21995	#56c9ea
K01802	#76d3ee
K08912	#1ab2df
K08912	#1ab2df
K09377	#76d3ee
K14611	#56c9ea
K08286	#76d3ee
K05933	#76d3ee
K05349	#76d3ee
K16055	#76d3ee
K05298	#76d3ee
K01179	#56c9ea
K04392	#76d3ee
K05356	#56c9ea
K17725	#76d3ee
K10717, K15638, K20660	#56c9ea
K02926	#76d3ee
K11000	#76d3ee
K02884	#76d3ee
K14487, K14506	#56c9ea
K18729	#76d3ee
K15601	#76d3ee
K02535	#76d3ee
K12125	#56c9ea
K01669	#76d3ee
K17871	#56c9ea
K14484	#36bee6
K02721	#56c9ea
K12259	#56c9ea
K00430	#56c9ea
K10635, K19041	#76d3ee
K01956	#76d3ee
K00962	#56c9ea
K15015	#76d3ee
K01379, K01381	#76d3ee
K00951	#76d3ee
K16297	#76d3ee
K19032	#76d3ee
K02295	#56c9ea
K19996	#76d3ee
K11662, K12735	#76d3ee
K08237	#56c9ea
K20891	#56c9ea
K06443	#56c9ea
K09873	#76d3ee
K10268	#76d3ee
K15397	#56c9ea
K03676	#56c9ea
K03676	#36bee6
K03363	#76d3ee
K15032	#56c9ea
K14484	#76d3ee
K20717	#76d3ee
K01052	#56c9ea
K01052	#76d3ee
K12177, K19199	#76d3ee
K01537	#56c9ea
K14485	#36bee6
K01653	#76d3ee
K10144	#76d3ee
K10695	#76d3ee
K15502	#1ab2df
K15502	#1ab2df
K11294	#56c9ea
K00430	#56c9ea
K13415	#76d3ee
K13429	#76d3ee
K11592	#76d3ee
K08237	#76d3ee
K06674	#76d3ee
K10352	#76d3ee
K07305	#76d3ee
K15535	#76d3ee
K20556	#76d3ee
K11517	#36bee6
K14662	#76d3ee
K10523	#76d3ee
K02109	#76d3ee
K10743	#76d3ee
K08596, K13459	#76d3ee
K03217	#76d3ee
K19367	#76d3ee
K09873	#76d3ee
K09377	#76d3ee
K15378	#56c9ea
K14790	#76d3ee
K09422	#76d3ee
K13459	#76d3ee
K19784	#76d3ee
K19784	#36bee6
K10523	#76d3ee
K02518	#76d3ee
K00521	#56c9ea
K02723	#1ab2df
K05016	#76d3ee
K22390	#76d3ee
K16040	#76d3ee
K21842	#76d3ee
K00855	#76d3ee
K08899, K14769	#76d3ee
K07007	#76d3ee
K13648	#76d3ee
K00128	#76d3ee
K09264	#36bee6
K16241	#76d3ee
K01880	#76d3ee
K10143	#56c9ea
K00512, K07418, K15472	#76d3ee
K15032	#36bee6
K00006	#56c9ea
K06891	#36bee6
K13754	#76d3ee
K08332	#36bee6
K14684	#76d3ee
K11252	#76d3ee
K03403	#1698bf
K15032	#36bee6
K08908	#56c9ea
K09756, K16296	#76d3ee
K01246	#36bee6
K01931	#56c9ea
K01373	#76d3ee
K01114	#76d3ee
K22390	#56c9ea
K09422	#56c9ea
K03437	#76d3ee
K02133, K13800	#76d3ee
K19984	#76d3ee
K03979	#76d3ee
K14484	#76d3ee
K08914	#36bee6
K04454, K09260	#56c9ea
K04454, K09260	#56c9ea
K08235	#36bee6
K17756	#36bee6
K00621	#76d3ee
K15397	#76d3ee
K08901	#56c9ea
K07760	#76d3ee
K00454	#76d3ee
K01620	#56c9ea
K15377	#56c9ea
K03671	#76d3ee
K00979	#76d3ee
K01303	#76d3ee
K08917	#1698bf
K08917	#1ab2df
K03841	#76d3ee
K02115	#76d3ee
K16911	#76d3ee
K02433	#76d3ee
K09531	#76d3ee
K02437	#76d3ee
K09872	#76d3ee
K00699, K18822	#76d3ee
K00924	#76d3ee
K19986	#76d3ee
K03231	#76d3ee
K22390	#76d3ee
K10277	#76d3ee
K15692	#76d3ee
K07213	#36bee6
K05657, K05674, K06839	#76d3ee
K11253	#76d3ee
K07466	#76d3ee
K22395	#76d3ee
K10761	#76d3ee
K07374	#76d3ee
K00854	#76d3ee
K00454, K15718	#76d3ee
K20412	#36bee6
K02358	#76d3ee
K01051	#76d3ee
K13680	#36bee6
K10523	#36bee6
K14484	#76d3ee
K14153	#76d3ee
K14498	#76d3ee
K17545	#76d3ee
K09338	#56c9ea
K00512, K13260, K20623	#56c9ea
K00512, K13260, K20623	#76d3ee
K01507	#76d3ee
K17943	#56c9ea
K13339	#76d3ee
K01262	#76d3ee
K02716	#76d3ee
K05909	#76d3ee
K13600	#76d3ee
K14638	#1ab2df
K02638	#76d3ee
K09422	#1ab2df
K14652	#76d3ee
K18327	#76d3ee
K02693	#56c9ea
K08070	#76d3ee
K16271	#76d3ee
K19202	#36bee6
K00228	#76d3ee
K21777	#76d3ee
K14493	#76d3ee
K10960	#1698bf
K13496	#56c9ea
K00688	#76d3ee
K15397	#76d3ee
K08955	#56c9ea
K08819, K17592	#76d3ee
K11699	#76d3ee
K14638	#1ab2df
K01187, K15925	#36bee6
K15033	#76d3ee
K03327	#56c9ea
K00859	#76d3ee
K08857	#76d3ee
K03004	#76d3ee
K00660	#76d3ee
K08915	#56c9ea
K19045	#76d3ee
K21407	#76d3ee
K14492	#56c9ea
K01669	#76d3ee
K03018	#76d3ee
K20715	#36bee6
K16290	#76d3ee
K15404	#56c9ea
K09338	#76d3ee
K08237	#56c9ea
K15813, K20658, K21928	#76d3ee
K03564	#56c9ea
K01054	#56c9ea
K15502	#36bee6
K01673	#76d3ee
K02935	#76d3ee
K09667	#76d3ee
K10352	#76d3ee
K02335	#76d3ee
K10717, K20660	#36bee6
K01179	#76d3ee
K09955	#36bee6
K09955	#56c9ea
K02933	#76d3ee
K15445	#56c9ea
K08901	#56c9ea
K00465	#56c9ea
K04457, K14803	#56c9ea
K07955	#56c9ea
K00860	#76d3ee
K10395	#76d3ee
K15710	#76d3ee
K15710	#76d3ee
K15111, K15113	#56c9ea
K01724	#76d3ee
K01251	#76d3ee
K10742	#76d3ee
K14489	#76d3ee
K01100	#56c9ea
K07198	#76d3ee
K16251	#76d3ee
K15919	#36bee6
K00615	#56c9ea
K01674	#76d3ee
K19041	#56c9ea
K01179	#1ab2df
K01177	#76d3ee
K15437	#76d3ee
K07904	#76d3ee
K00815	#76d3ee
K12825	#76d3ee
K17815	#76d3ee
K04730	#56c9ea
K01637	#76d3ee
K18577	#76d3ee
K13648	#76d3ee
K08237	#76d3ee
K00592	#76d3ee
K14638	#36bee6
K14803	#76d3ee
K18787	#56c9ea
K07943	#56c9ea
K11838	#56c9ea
K08145	#76d3ee
K05747	#56c9ea
K08064	#76d3ee
K16732	#76d3ee
K00083	#76d3ee
K00083	#76d3ee
K17265	#76d3ee
K14431	#56c9ea
K02835	#76d3ee
K06911	#76d3ee
K02871	#76d3ee
K00860	#76d3ee
K10436	#76d3ee
K01784	#76d3ee
K00430	#76d3ee
K09839	#76d3ee
K01102, K17500	#56c9ea
K10143	#76d3ee
K01810	#76d3ee
K03691	#56c9ea
K00924	#36bee6
K09377	#76d3ee
K02540	#76d3ee
K02435	#76d3ee
K19032	#36bee6
K03797	#76d3ee
K14505	#76d3ee
K01866	#76d3ee
K06627	#76d3ee
K04733	#76d3ee
K02952	#76d3ee
K15920	#76d3ee
K06215	#76d3ee
K09753	#56c9ea
K12616	#36bee6
K12643, K13066	#76d3ee
K20279	#56c9ea
K03781	#56c9ea
K08101	#56c9ea
K07735	#76d3ee
K05658	#56c9ea
K13789	#76d3ee
K21480	#76d3ee
K13459, K13460, K20599	#56c9ea
K14493	#56c9ea
K17710, K17964	#76d3ee
K06444	#76d3ee
K09419	#56c9ea
K00898	#76d3ee
K10737	#76d3ee
K07964	#56c9ea
K17609	#76d3ee
K08903	#76d3ee
K02945	#76d3ee
K14794	#76d3ee
K08857	#1ab2df
K17964	#56c9ea
K00700	#76d3ee
K11294	#76d3ee
K07408, K07418	#36bee6
K00058	#76d3ee
K18633	#76d3ee
K02183	#56c9ea
K08150	#76d3ee
K08332	#56c9ea
K10949	#76d3ee
K07579	#76d3ee
K00382	#76d3ee
K01728	#76d3ee
K10528	#76d3ee
K10406	#76d3ee
K00688	#76d3ee
K01728	#56c9ea
K20456, K20463	#76d3ee
K08145	#56c9ea
K08145	#36bee6
K09338	#76d3ee
K05907	#56c9ea
K00083	#76d3ee
K19039	#76d3ee
K14298	#76d3ee
K03671	#56c9ea
K12123	#76d3ee
K08905	#36bee6
K02879	#76d3ee
K11518	#76d3ee
K02639	#1ab2df
K04733	#56c9ea
K12897	#76d3ee
K14500	#76d3ee
K17964	#56c9ea
K10999	#76d3ee
K02291	#56c9ea
K14485	#76d3ee
K01455	#1ab2df
K07408, K13227, K13493	#1ab2df
K13459, K13460, K20599	#76d3ee
K08235	#76d3ee
K12191, K12192	#76d3ee
K01807	#76d3ee
K18729	#76d3ee
K14611	#76d3ee
K08869	#56c9ea
K01148	#76d3ee
K01148, K13448	#76d3ee
K02699	#56c9ea
K01824, K03542	#56c9ea
K02184	#76d3ee
K14431	#36bee6
K00924	#1ab2df
K00218	#0f657f
K01661	#36bee6
K16297	#36bee6
K01883	#56c9ea
K07964	#76d3ee
K00605	#76d3ee
K08910	#137f9f
K09338	#76d3ee
K05917	#76d3ee
K11450	#76d3ee
K17086	#76d3ee
K15502, K15503	#56c9ea
K11145	#76d3ee
K15382	#56c9ea
K15262	#76d3ee
K08235	#76d3ee
K00655	#76d3ee
K06892	#76d3ee
K02437	#56c9ea
K14484	#56c9ea
K16189	#76d3ee
K16189	#76d3ee
K10143	#56c9ea
K14674	#76d3ee
K17471	#76d3ee
K01785	#76d3ee
K02695	#76d3ee
K14638	#76d3ee
K14497	#76d3ee
K21554	#56c9ea
K10277	#76d3ee
K03544	#76d3ee
K01191	#76d3ee
K03062	#76d3ee
K00083	#76d3ee
K08900	#76d3ee
K19040	#56c9ea
K00512, K13260	#76d3ee
K14638	#56c9ea
K13186	#76d3ee
K17469	#76d3ee
K20642	#76d3ee
K11314	#76d3ee
K17808	#56c9ea
K01379	#76d3ee
K01528	#76d3ee
K17871	#76d3ee
K08857	#36bee6
K20115	#76d3ee
K21286	#76d3ee
K02897	#76d3ee
K02906	#76d3ee
K17866	#76d3ee
K09422	#36bee6
K08596, K13459	#76d3ee
K14709	#76d3ee
K21480	#76d3ee
K16297	#56c9ea
K06276	#76d3ee
K17046	#76d3ee
K09873	#76d3ee
K11584	#76d3ee
K00108, K21270	#76d3ee
K16250	#76d3ee
K13457	#36bee6
K01915	#76d3ee
K10389	#76d3ee
K05929	#76d3ee
K12879	#76d3ee
K00830	#76d3ee
K14424	#56c9ea
K07024	#56c9ea
K01051	#76d3ee
K03787	#76d3ee
K07199	#76d3ee
K03438	#76d3ee
K02956	#76d3ee
K14611	#56c9ea
K08675	#76d3ee
K05894	#56c9ea
K10683	#76d3ee
K08909	#36bee6
K13034	#76d3ee
K13412	#76d3ee
K00799	#76d3ee
K00799	#76d3ee
K00799	#56c9ea
K12130	#76d3ee
K09338	#36bee6
K09286	#36bee6
K00660	#36bee6
K13680	#76d3ee
K10579	#76d3ee
K22013	#36bee6
K03255	#56c9ea
K09419	#76d3ee
K00366	#76d3ee
K09843	#56c9ea
K22048	#76d3ee
K00799	#76d3ee
K08912	#36bee6
K08912	#1ab2df
K08912	#1ab2df
K08912	#36bee6
K08912	#1698bf
K08912	#56c9ea
K07748	#76d3ee
K01988	#1ab2df
K07198	#76d3ee
K14485	#76d3ee
K14611	#76d3ee
K20478	#76d3ee
K13210	#56c9ea
K02116	#76d3ee
K21026	#76d3ee
K17710	#76d3ee
K13993	#76d3ee
K13993	#76d3ee
K07199	#76d3ee
K07023	#76d3ee
K03921	#76d3ee
K21373	#76d3ee
K14944	#76d3ee
K03126	#76d3ee
K01094	#76d3ee
K00485	#36bee6
K20628	#56c9ea
K01051	#76d3ee
K12121	#76d3ee
K10406	#76d3ee
K00422	#76d3ee
K20359	#76d3ee
K20854	#76d3ee
K00844	#76d3ee
K01183	#76d3ee
K06636	#76d3ee
K08235	#76d3ee
K19951	#76d3ee
K15382	#36bee6
K09338	#56c9ea
K08099	#76d3ee
K10664, K19041	#76d3ee
K08790	#76d3ee
K19042	#76d3ee
K09338	#56c9ea
K09872	#36bee6
K02492	#56c9ea
K11550	#76d3ee
K04354	#76d3ee
K00760	#76d3ee
K01869	#76d3ee
K09840	#1ab2df
K16732	#76d3ee
K08235	#76d3ee
K15083, K15173	#76d3ee
K05350, K07409	#76d3ee
K15032	#56c9ea
K02113	#56c9ea
K13495	#36bee6
K01115	#76d3ee
K04733	#76d3ee
K13495	#56c9ea
K17262	#76d3ee
K15078, K19613	#56c9ea
K02210	#76d3ee
K01188, K05349	#76d3ee
K01188, K05349	#56c9ea
K08737	#76d3ee
K21407	#76d3ee
K15744	#76d3ee
K03676	#76d3ee
K08832	#76d3ee
K01051	#56c9ea
K21407	#76d3ee
K14572, K14573, K16913	#76d3ee
K14572, K14573, K16913	#56c9ea
K01930	#76d3ee
K01057	#76d3ee
K15893	#76d3ee
K21444	#56c9ea
K06614	#76d3ee
K14640	#56c9ea
K20892	#76d3ee
K09264	#76d3ee
K15032	#1ab2df
K11153, K19329	#76d3ee
K16055	#56c9ea
K08789	#76d3ee
K00924	#76d3ee
K17710	#56c9ea
K15502	#56c9ea
K03671	#76d3ee
K02160	#76d3ee
K05391	#76d3ee
K03549	#56c9ea
