K01179	#e29182
K02902	#e29182
K13495	#e29182
K13783	#e29182
K13352	#d45d48
K11253	#e29182
K11253	#e29182
K17710	#e29182
K14826	#e29182
K14826	#e29182
K06133	#e29182
K02639	#db7765
K02903	#e29182
K02959	#e29182
K10532	#e29182
K02947, K09422	#e29182
K02964	#db7765
K09903	#e29182
K14488	#db7765
K14488	#db7765
K20547	#e29182
K09567	#e29182
K10529	#e29182
K12627	#e29182
K04730	#e29182
K02881	#e29182
K10523	#d45d48
K02937, K08819, K19933	#e29182
K02727	#e29182
K02893	#e29182
K07178	#e29182
K07198	#e29182
K21630	#e29182
K11863	#e29182
K12160	#e29182
K02927, K08770	#e29182
K10268, K10632	#e29182
K13412	#e29182
K14442	#db7765
K01601	#d45d48
K07565	#e29182
K11599	#e29182
K19041	#e29182
K10807	#e29182
K13525	#e29182
K07760	#e29182
K07390	#e29182
K09756, K16296	#e29182
K02978	#e29182
K03845	#e29182
K14638	#e29182
K02990	#e29182
K15135	#e29182
K12581	#e29182
K14406	#e29182
K14496	#e29182
K17780	#e29182
K22376	#e29182
K21596	#e29182
K21354	#e29182
K11254	#e29182
K11254	#e29182
K11254	#e29182
K14485	#e29182
K14309	#e29182
K20472	#e29182
K03124	#db7765
K13494, K13495	#e29182
K09645	#db7765
K09523	#e29182
K13993	#e29182
K11253	#e29182
K03320	#db7765
K00681, K18592	#e29182
K18159	#e29182
K02899	#e29182
K01939	#e29182
K18995, K20101	#db7765
K18749	#e29182
K01951	#e29182
K04733	#e29182
K07555	#e29182
K07897	#e29182
K01900	#e29182
K02894	#db7765
K01728	#e29182
K13993	#e29182
K00275	#e29182
K17426	#e29182
K02877	#e29182
K10357	#e29182
K13946	#e29182
K02883	#e29182
K04077	#e29182
K14291	#e29182
K07605	#e29182
K14855	#e29182
K06617	#db7765
K13448	#e29182
K14270	#e29182
K02969, K08679	#e29182
K02953	#e29182
K11821, K22321	#d45d48
K11821, K22321	#d45d48
K00975	#e29182
K06628	#db7765
K01805	#e29182
K20623	#db7765
K14801	#e29182
K04565	#db7765
K07342	#e29182
K02973	#e29182
K07238, K09529	#e29182
K02899	#e29182
K04078	#d45d48
K20241	#e29182
K12587	#e29182
K02993	#e29182
K00430	#db7765
K00814	#e29182
K01872	#db7765
K02183, K10840, K16465	#db7765
K12448	#e29182
K02112	#db7765
K01426	#e29182
K01426	#e29182
K15032	#e29182
K03015	#e29182
K11087	#e29182
K02921	#e29182
K02947, K09422	#e29182
K16465	#e29182
K17435	#e29182
K17080	#e29182
K00799	#e29182
K02875	#e29182
K20556	#e29182
K15718	#db7765
K11253	#e29182
K20628	#d45d48
K03457	#db7765
K11254	#e29182
K17081	#e29182
K02964	#e29182
K06990	#e29182
K11254	#db7765
K11254	#e29182
K03676	#db7765
K03676	#e29182
K04078	#e29182
K15507	#e29182
K08236	#e29182
K02982	#db7765
K11820, K13691	#e29182
K18416, K18418	#e29182
K22389	#e29182
K21626	#e29182
K02882	#e29182
K02925, K08498, K13339	#e29182
K21866	#e29182
K01179	#e29182
K00942	#e29182
K08341	#e29182
K02734	#e29182
K00799	#e29182
K12741	#e29182
K02998	#e29182
K17080	#e29182
K20472	#e29182
K02493	#e29182
K10664	#e29182
K02838	#db7765
K02997	#e29182
K01285	#e29182
K14308	#e29182
K03679	#e29182
K16732	#e29182
K02942	#e29182
K01899	#e29182
K08065	#e29182
K03676	#db7765
K07304	#e29182
K02889	#e29182
K07466	#e29182
K03681	#e29182
K09841	#e29182
K02912	#e29182
K02898	#e29182
K02537	#e29182
K09498	#e29182
K11778	#db7765
K02992	#e29182
K02992	#e29182
K02110, K02155, K02919	#db7765
K11996	#e29182
K14509	#e29182
K02975	#e29182
K02975	#e29182
K02872	#e29182
K04078	#e29182
K02992	#d45d48
K02910	#e29182
K05759	#e29182
K19893	#e29182
K21444	#e29182
K00512, K07408, K14985	#e29182
K02326	#e29182
K02896	#e29182
K07976	#e29182
K00975	#e29182
K12844	#db7765
K02971	#e29182
K03146	#e29182
K15456	#e29182
K02955	#e29182
K11755	#e29182
K14563	#db7765
K16871	#e29182
K09458	#e29182
K06688	#e29182
K00852	#e29182
K12251	#e29182
K10268	#db7765
K14571	#e29182
K08515	#e29182
K10808	#db7765
K07901	#e29182
K03007	#e29182
K13348	#d45d48
K05605	#e29182
K14839	#e29182
K02882	#e29182
K18404	#e29182
K11129	#e29182
K13457	#e29182
K00512	#e29182
K03232	#e29182
K18693	#e29182
K17710, K17964	#e29182
K17710, K17964	#db7765
K03428	#e29182
K12456	#e29182
K10703	#e29182
K02870	#e29182
K00565	#e29182
K06630	#e29182
K00588	#e29182
K00799	#e29182
K00799	#e29182
K08744	#e29182
K17710	#e29182
K14315	#e29182
K12399	#e29182
K02976	#e29182
K02919	#e29182
K11303	#e29182
K17769	#e29182
K14818	#db7765
K02942	#e29182
K02917	#e29182
K04733	#e29182
K08867	#e29182
K10418	#e29182
K13258	#db7765
K15891	#e29182
K17867	#e29182
K01363	#e29182
K01363	#e29182
K02937	#e29182
K15040	#e29182
K06130	#e29182
K13412	#e29182
K08901	#e29182
K02960	#e29182
K07407	#e29182
K16253	#e29182
K03011	#e29182
K11251	#e29182
K12832	#e29182
K10268	#e29182
K02997	#e29182
K01783	#e29182
K00876	#db7765
K01537	#e29182
K15382	#db7765
K16298	#e29182
K02111	#e29182
K02949	#e29182
K03098	#e29182
K02892	#e29182
K13667	#db7765
K11254	#db7765
K02942	#e29182
K11090	#e29182
K01193	#e29182
K02920	#e29182
K13280	#e29182
K18754	#db7765
K15443	#e29182
K03676	#ca462e
K09569	#e29182
K03327	#e29182
K00940	#e29182
K02303	#db7765
K19589	#e29182
K04505	#e29182
K03687	#e29182
K14492	#e29182
K09645	#db7765
K14638	#e29182
K17808	#e29182
K09564	#e29182
K13495	#e29182
K07466	#e29182
K09487	#e29182
K11290	#e29182
K16040	#d45d48
K02918	#e29182
K07232	#db7765
K03809	#db7765
K11294	#e29182
K01802	#db7765
K17756	#db7765
K17771	#e29182
K13065	#e29182
K02990	#db7765
K12271	#e29182
K10268	#e29182
K01206	#e29182
K14826	#db7765
K18754	#e29182
K04078	#e29182
K00512, K07408, K14985	#e29182
K07937	#e29182
K14686	#e29182
K02927	#e29182
K02889	#e29182
K10755	#e29182
K14565	#e29182
K09571	#e29182
K17428	#e29182
K02886, K02965	#e29182
K00759	#e29182
K09494	#e29182
K16912	#e29182
K17098	#e29182
K12447	#e29182
K05909	#db7765
K14411	#e29182
K00640	#e29182
K20628	#e29182
K17822	#e29182
K03781	#db7765
K14565	#e29182
K15429	#e29182
K03626	#e29182
K10527	#e29182
K17479	#db7765
K00940	#e29182
K18532	#e29182
K03676	#d45d48
K21434	#e29182
K15414	#db7765
K15404	#e29182
K14848	#e29182
K02717	#e29182
K02896	#e29182
K14638	#e29182
K01728	#db7765
K07556	#e29182
K06129	#e29182
K13421	#e29182
K08145	#e29182
K16833	#db7765
K13525	#e29182
K02951	#db7765
K08150	#e29182
K02979	#e29182
K11128	#e29182
K19041	#db7765
K20896	#e29182
K18342	#e29182
K12741	#e29182
K01213	#e29182
K11584	#e29182
K01166	#e29182
K10664	#e29182
K09646	#e29182
K03521	#e29182
K11253	#e29182
K14857	#e29182
K01358	#e29182
K14319	#e29182
K11251	#e29182
K11251	#e29182
K00793	#e29182
K00121	#e29182
K01953	#db7765
K00166	#d45d48
K02875	#e29182
K03695	#e29182
K02966	#e29182
K05907	#e29182
K05605	#db7765
K01602	#d45d48
K00430	#e29182
K16221	#e29182
K14651	#e29182
K02938	#e29182
K01602	#e29182
K14496	#e29182
K05909	#e29182
K00521	#e29182
K14489	#e29182
K11876	#e29182
K02358	#e29182
K11097	#e29182
K09250	#db7765
K10750	#e29182
K03239	#e29182
K21354	#ca462e
K15502	#d45d48
K07904	#e29182
K04708	#e29182
K15032	#db7765
K05610	#e29182
K20417	#e29182
K02987	#e29182
K02912	#e29182
K19530	#e29182
K21568	#e29182
K05282	#db7765
K20802	#e29182
K02938	#e29182
K04730, K10859	#db7765
K08057	#db7765
K02922	#e29182
K01728	#e29182
K02183, K10840, K16465	#e29182
K19041	#db7765
K02985	#e29182
K16465	#db7765
K15032	#e29182
K14561	#e29182
K13800	#db7765
K02867	#e29182
K00660	#e29182
K11290	#e29182
K02915	#e29182
K04733	#e29182
K09873	#e29182
K17710	#e29182
K11131	#e29182
K04077	#e29182
K15306	#e29182
K20241	#e29182
K15430	#e29182
K02868	#e29182
K03255	#e29182
K12873	#e29182
K03027	#e29182
K01051	#e29182
K07953	#e29182
K04733	#e29182
K14399	#e29182
K02717	#e29182
K00384	#db7765
K01187	#e29182
K13258	#db7765
K15334	#e29182
K17868	#e29182
K17470	#db7765
K00430	#db7765
K15095	#e29182
K00793	#e29182
K00793	#db7765
K17769	#e29182
K01082	#e29182
K05349	#e29182
K08360	#e29182
K14793	#e29182
K11253	#e29182
K18729	#e29182
K17278	#e29182
K01669	#e29182
K02991	#e29182
K03259	#e29182
K10635, K19041	#e29182
K06997	#e29182
K02923	#e29182
K13065	#e29182
K19032	#e29182
K20891	#e29182
K00088	#e29182
K00891	#e29182
K02929	#e29182
K15397	#e29182
K01933	#e29182
K09872	#db7765
K02877	#e29182
K12885, K13195	#e29182
K02977	#e29182
K14823	#e29182
K02973	#e29182
K02930	#e29182
K11153, K19329	#e29182
K08332	#e29182
K12373	#e29182
K17781	#db7765
K02894	#d45d48
K02875	#e29182
K11294	#e29182
K08237	#e29182
K08237	#e29182
K10744	#e29182
K02920	#e29182
K07305	#db7765
K06700	#e29182
K10523	#e29182
K11098	#e29182
K15730	#e29182
K12189	#e29182
K11099	#e29182
K11294, K14411	#e29182
K02995	#e29182
K17479	#e29182
K16904	#e29182
K09422	#e29182
K00254	#e29182
K04077	#e29182
K03015, K16253	#e29182
K14803, K17499	#e29182
K13356	#e29182
K16040	#e29182
K13648	#e29182
K13448	#e29182
K02728	#d45d48
K17800	#e29182
K08232	#e29182
K03671	#e29182
K08332	#e29182
K02894	#db7765
K01724	#e29182
K03939	#e29182
K01738	#e29182
K02133, K13800	#e29182
K17790	#e29182
K02866	#db7765
K02995	#e29182
K16297	#e29182
K02957	#e29182
K14484	#e29182
K00621	#e29182
K17776	#e29182
K02982	#db7765
K01807, K02984	#e29182
K03945	#e29182
K02973	#e29182
K11254	#e29182
K11254	#db7765
K02987	#e29182
K10666	#e29182
K08232	#e29182
K10802, K11296	#e29182
K12873	#e29182
K19365	#d45d48
K19365	#db7765
K09531	#e29182
K10745	#e29182
K02260	#e29182
K06940	#db7765
K03327	#e29182
K02943	#e29182
K10352	#e29182
K15505	#e29182
K10523	#db7765
K02149	#e29182
K18164	#e29182
K17943	#e29182
K11253	#db7765
K02973	#e29182
K14638	#e29182
K02638	#e29182
K02923	#e29182
K18173	#e29182
K13157	#e29182
K02202	#e29182
K02908	#e29182
K00215	#e29182
K08955	#e29182
K17780	#e29182
K14638	#e29182
K13065	#db7765
K03635	#e29182
K14773	#e29182
K13176	#e29182
K02891	#e29182
K21407	#e29182
K14492	#e29182
K13430	#d45d48
K00208	#e29182
K01875	#e29182
K08880	#e29182
K09419	#e29182
K20412	#d45d48
K03676	#e29182
K14829	#e29182
K11426	#e29182
K02893	#e29182
K09539	#e29182
K00133	#e29182
K10717, K20660	#e29182
K02997	#e29182
K02927	#e29182
K20168	#e29182
K17781	#e29182
K11251	#e29182
K11407	#e29182
K12848	#e29182
K02898	#e29182
K02929	#e29182
K15710	#e29182
K15710	#e29182
K15414	#e29182
K14779	#e29182
K04564	#e29182
K02865	#e29182
K01803	#e29182
K02992	#e29182
K11251	#e29182
K02901	#e29182
K13121	#e29182
K13495	#e29182
K13148	#e29182
K04565	#e29182
K02935	#e29182
K19041	#e29182
K13347, K13348	#e29182
K11088	#e29182
K01179	#e29182
K18730	#e29182
K14486	#e29182
K08237	#db7765
K14011	#db7765
K19041	#d45d48
K14500	#e29182
K07561	#e29182
K10614	#e29182
K02995	#e29182
K17265	#e29182
K11254	#e29182
K11254	#e29182
K01733	#e29182
K02987	#e29182
K03676	#ca462e
K03676	#d45d48
K11099	#e29182
K02962	#e29182
K02938	#e29182
K01784	#e29182
K01000, K02955	#e29182
K14782	#e29182
K13989	#e29182
K07342	#e29182
K01102, K17500	#e29182
K19765	#e29182
K14847	#e29182
K07018	#e29182
K11338	#e29182
K02943	#e29182
K02971	#e29182
K01881	#d45d48
K02906	#e29182
K00972	#e29182
K14638	#d45d48
K01866	#e29182
K12161	#e29182
K02877	#e29182
K22138	#e29182
K14545	#e29182
K07735	#d45d48
K14544	#e29182
K02991	#e29182
K13449	#e29182
K07964	#e29182
K11251	#e29182
K02940	#e29182
K00857	#db7765
K12655	#e29182
K02905	#e29182
K01728	#e29182
K19861	#e29182
K15115	#e29182
K18810	#e29182
K09497	#e29182
K05907	#e29182
K02964	#e29182
K03671	#e29182
K00565	#e29182
K14652	#db7765
K11518	#db7765
K02639	#e29182
K08770	#e29182
K02358	#e29182
K08332	#e29182
K12837	#e29182
K12191, K12192	#e29182
K02921	#db7765
K03025	#e29182
K02993	#e29182
K01148, K13448	#db7765
K01824, K03542	#e29182
K02112	#e29182
K12741	#e29182
K01883	#e29182
K13347	#e29182
K02868	#e29182
K02978	#e29182
K03263	#e29182
K06892	#e29182
K14993, K14997	#d45d48
K02910	#e29182
K17637	#db7765
K01785	#e29182
K14497	#e29182
K12930	#db7765
K03327	#db7765
K02880	#e29182
K04733	#e29182
K01823	#db7765
K03553	#e29182
K08835	#db7765
K15172	#e29182
K13260	#e29182
K00512, K13260	#db7765
K00026	#e29182
K02942	#e29182
K11253	#e29182
K02974	#e29182
K07023	#e29182
K20628	#db7765
K21286	#db7765
K14498	#e29182
K02897	#e29182
K13448	#d45d48
K02880	#e29182
K00512	#e29182
K03260	#e29182
K03676	#db7765
K02951	#e29182
K04567	#e29182
K11088	#e29182
K17744	#e29182
K12412	#db7765
K02901	#db7765
K12879	#e29182
K12162	#e29182
K02917	#e29182
K02917	#e29182
K02145	#e29182
K14165	#e29182
K15032	#e29182
K08675	#e29182
K05894	#e29182
K12834	#e29182
K17710, K17964	#db7765
K19619	#e29182
K07904	#e29182
K07904	#e29182
K13034	#e29182
K00799	#e29182
K12900	#e29182
K00799	#e29182
K20843	#e29182
K10751	#e29182
K07766	#db7765
K10579	#e29182
K01738	#d45d48
K07748	#e29182
K02957	#e29182
K17710, K17964	#db7765
K12734	#e29182
K20318	#e29182
K02930	#e29182
K04802	#e29182
K13993	#e29182
K14305	#e29182
K17805	#e29182
K02918	#e29182
K13448, K16465	#e29182
K03135	#e29182
K17108	#e29182
K00422	#e29182
K01177	#db7765
K03955	#e29182
K15382	#db7765
K17080	#e29182
K17972	#e29182
K09872	#e29182
K11254	#db7765
K07198	#e29182
K02866	#e29182
K03238	#e29182
K02949	#e29182
K02976	#e29182
K00721	#e29182
K16253	#e29182
K02958	#e29182
K19355	#e29182
K06634	#e29182
K17710	#e29182
K12127	#e29182
K17262	#e29182
K01188, K05349	#e29182
K21407	#e29182
K17679	#e29182
K09422	#d45d48
K03676	#e29182
K03098	#db7765
K04506	#e29182
K01057	#e29182
K15338	#e29182
K08332	#e29182
K15414	#db7765
K11253	#e29182
K16055	#e29182
K00021	#e29182
K02894	#db7765
K17710	#e29182
K08235	#e29182
K03671	#e29182
K03671	#e29182
K19041	#e29182
K05391	#e29182
K17985	#76d3ee
K01537	#76d3ee
K13407, K20768, K20769	#76d3ee
K14682	#76d3ee
K22184	#76d3ee
K00454	#36bee6
K00939	#76d3ee
K00681, K18592	#36bee6
K12831	#76d3ee
K14486	#76d3ee
K05643	#76d3ee
K10581	#56c9ea
K20353	#76d3ee
K06013	#76d3ee
K15193	#76d3ee
K07904, K07905, K07976	#76d3ee
K14686	#76d3ee
K07428, K10717, K20660	#76d3ee
K03676	#56c9ea
K21374	#76d3ee
K10999	#56c9ea
K00815	#76d3ee
K04035	#76d3ee
K01623	#56c9ea
K09755	#36bee6
K14709	#76d3ee
K00297, K10901	#76d3ee
K17294	#76d3ee
K17573	#76d3ee
K02725	#76d3ee
K00975	#56c9ea
K08900	#1ab2df
K03006	#76d3ee
K20858	#76d3ee
K09753	#76d3ee
K10666	#76d3ee
K13448	#76d3ee
K00430	#76d3ee
K00703	#76d3ee
K18045	#76d3ee
K13993	#56c9ea
K20241	#76d3ee
K07195	#76d3ee
K07119, K19825	#56c9ea
K01723	#36bee6
K12617	#76d3ee
K10999	#56c9ea
K03086	#76d3ee
K09419	#76d3ee
K15285	#76d3ee
K13415	#76d3ee
K00764	#76d3ee
K04730, K04733, K13420	#76d3ee
K09422	#76d3ee
K14638	#56c9ea
K11422	#76d3ee
K01568	#76d3ee
K01054	#56c9ea
K14638	#36bee6
K21026	#76d3ee
K15308, K18753	#76d3ee
K07195	#76d3ee
K02138	#76d3ee
K01051	#76d3ee
K01176	#56c9ea
K01581	#56c9ea
K13993	#76d3ee
K15398, K20544	#56c9ea
K03126	#76d3ee
K14638	#76d3ee
K02257	#76d3ee
K11592	#76d3ee
K13422	#76d3ee
K05391	#76d3ee
K20718	#76d3ee
K12124	#76d3ee
K00131	#36bee6
K05933	#76d3ee
K05933	#56c9ea
K05933	#56c9ea
K18045	#76d3ee
K14516	#76d3ee
K19985	#76d3ee
K17600	#76d3ee
K11593	#76d3ee
K14638	#56c9ea
K12448	#76d3ee
K01922	#76d3ee
K08907	#76d3ee
K03426	#76d3ee
K01166	#76d3ee
K10590	#76d3ee
K05841	#76d3ee
K07019, K13696	#76d3ee
K19706	#76d3ee
K14318	#76d3ee
K14318	#76d3ee
K14318	#76d3ee
K01530	#56c9ea
K19366	#56c9ea
K13453	#56c9ea
K09286	#36bee6
K08176	#76d3ee
K17839	#76d3ee
K20478	#76d3ee
K09512	#76d3ee
K00921	#76d3ee
K10999	#76d3ee
K16189	#76d3ee
K11982	#76d3ee
K09338	#76d3ee
K20289	#76d3ee
K01662	#76d3ee
K19041	#76d3ee
K05658	#56c9ea
K00430	#76d3ee
K08852, K08874	#76d3ee
K00522	#76d3ee
K01379, K01381	#56c9ea
K00454, K15718	#76d3ee
K00858	#56c9ea
K13459, K13460, K20599	#76d3ee
K07933, K07976	#76d3ee
K12837	#76d3ee
K01623	#76d3ee
K12617	#76d3ee
K11721	#76d3ee
K02704	#76d3ee
K05387	#76d3ee
K05387	#56c9ea
K04957, K12879	#56c9ea
K00965	#76d3ee
K09756, K16296	#76d3ee
K01850	#76d3ee
K13211	#76d3ee
K19755	#76d3ee
K09874	#76d3ee
K15397	#56c9ea
K13648	#76d3ee
K19801	#76d3ee
K09286	#76d3ee
K20353	#56c9ea
K04714	#56c9ea
K01051	#76d3ee
K12836	#76d3ee
K12449	#56c9ea
K12741	#76d3ee
K11593	#76d3ee
K01180	#76d3ee
K01180	#76d3ee
K10526	#56c9ea
K00924	#76d3ee
K20456	#76d3ee
K03671	#76d3ee
K13105	#76d3ee
K00873	#56c9ea
K08679	#76d3ee
K13414, K20605	#76d3ee
K04733	#76d3ee
K07025, K18551	#56c9ea
K11866	#76d3ee
K10664	#76d3ee
K22246	#56c9ea
K10706	#76d3ee
K14497	#76d3ee
K15078	#76d3ee
K08237	#36bee6
K20283	#76d3ee
K22128	#76d3ee
K00600	#76d3ee
K03327	#76d3ee
K09590	#76d3ee
K01673	#76d3ee
K01858	#36bee6
K13412	#76d3ee
K20478	#76d3ee
K13071	#76d3ee
K08832	#56c9ea
K01772	#76d3ee
K20604	#76d3ee
K01537	#76d3ee
K15078, K19613	#76d3ee
K09840	#56c9ea
K21989	#56c9ea
K13448	#76d3ee
K05929	#76d3ee
K14486	#76d3ee
K14514	#76d3ee
K12761	#76d3ee
K11724	#76d3ee
K01638	#76d3ee
K09528	#76d3ee
K13464	#56c9ea
K04733	#76d3ee
K13789	#76d3ee
K00327	#76d3ee
K13494, K13495	#36bee6
K00737, K14484	#76d3ee
K08900	#56c9ea
K00924	#76d3ee
K06670	#76d3ee
K18469	#56c9ea
K00430	#76d3ee
K09422	#36bee6
K00012	#76d3ee
K01188	#76d3ee
K13095	#76d3ee
K16818	#76d3ee
K01623	#76d3ee
K11000	#76d3ee
K00968	#76d3ee
K01662	#36bee6
K01915	#56c9ea
K13863, K13864	#76d3ee
K04733, K08332	#76d3ee
K13648	#76d3ee
K11821, K22321	#36bee6
K00327	#76d3ee
K05665, K05666	#56c9ea
K09338	#56c9ea
K14709	#76d3ee
K17193	#56c9ea
K12129	#76d3ee
K12129	#76d3ee
K14709	#76d3ee
K02865, K14396	#76d3ee
K09527	#76d3ee
K01601	#76d3ee
K04630	#76d3ee
K00511	#76d3ee
K05953	#76d3ee
K17086	#76d3ee
K05658	#76d3ee
K16055	#76d3ee
K01507	#76d3ee
K09419	#76d3ee
K00901	#76d3ee
K17550, K19750	#36bee6
K18734	#76d3ee
K20093	#76d3ee
K01893	#76d3ee
K03350	#76d3ee
K21866	#76d3ee
K04733	#76d3ee
K01517	#76d3ee
K06207	#76d3ee
K08245	#76d3ee
K09597	#76d3ee
K06689	#76d3ee
K13600	#76d3ee
K22381	#76d3ee
K01507	#56c9ea
K01507	#76d3ee
K17470, K17471	#76d3ee
K01489	#76d3ee
K20538	#76d3ee
K15188	#76d3ee
K13464	#36bee6
K01657	#76d3ee
K20642	#76d3ee
K20892	#76d3ee
K05359	#76d3ee
K00134	#76d3ee
K18667	#76d3ee
K12124	#76d3ee
K14156	#56c9ea
K01859	#56c9ea
K07198, K12761	#56c9ea
K03093	#76d3ee
K18663	#76d3ee
K07195	#76d3ee
K08333	#76d3ee
K08081	#76d3ee
K08910	#76d3ee
K16222	#76d3ee
K02108, K03046	#76d3ee
K08876	#76d3ee
K09756, K16296	#76d3ee
K15283	#1ab2df
K08678	#76d3ee
K17278	#56c9ea
K13508	#36bee6
K10727	#76d3ee
K08237	#76d3ee
K03125	#76d3ee
K19791	#56c9ea
K03006	#56c9ea
K13407, K20768, K20769	#76d3ee
K04506, K08742	#56c9ea
K03320, K07573	#76d3ee
K03327	#76d3ee
K00099	#76d3ee
K09756, K16296	#76d3ee
K08770	#56c9ea
K13495	#76d3ee
K07195	#56c9ea
K17085	#76d3ee
K09838	#76d3ee
K12349	#76d3ee
K07119, K19825	#76d3ee
K13065	#76d3ee
K07204	#76d3ee
K13648, K20867	#56c9ea
K00012	#76d3ee
K13379	#76d3ee
K16911	#76d3ee
K11498	#76d3ee
K22048	#76d3ee
K09419	#76d3ee
K14206, K14638	#56c9ea
K10592	#76d3ee
K12126	#76d3ee
K15397	#56c9ea
K01099	#76d3ee
K05677	#76d3ee
K17098	#76d3ee
K17098	#76d3ee
K20473	#56c9ea
K01466	#56c9ea
K13464	#1ab2df
K17275	#76d3ee
K12130	#76d3ee
K11320	#76d3ee
K09422	#76d3ee
K07252	#76d3ee
K08900	#76d3ee
K20887	#76d3ee
K09753	#76d3ee
K18999	#76d3ee
K05894	#56c9ea
K13412	#76d3ee
K19791	#56c9ea
K22415	#76d3ee
K00029	#76d3ee
K18635	#76d3ee
K12812	#76d3ee
K09286	#76d3ee
K00951	#36bee6
K00703	#76d3ee
K03116, K12761	#56c9ea
K21444	#76d3ee
K06611	#56c9ea
K03301	#76d3ee
K03283	#76d3ee
K07513	#76d3ee
K03232	#76d3ee
K05747	#76d3ee
K01695, K13222	#76d3ee
K14497	#76d3ee
K03549	#76d3ee
K19476	#76d3ee
K07904	#76d3ee
K14572, K14573, K16913	#76d3ee
K18059	#76d3ee
K14945	#76d3ee
K14638	#76d3ee
K02689	#76d3ee
K00430	#76d3ee
K09286	#76d3ee
K10610	#76d3ee
K16276	#76d3ee
K01904	#76d3ee
K20562	#36bee6
K04422	#76d3ee
K06962	#76d3ee
K13210	#76d3ee
K12130	#76d3ee
K00012	#56c9ea
K01728	#76d3ee
K11820, K13691, K21374	#76d3ee
K17982	#1ab2df
K13431	#76d3ee
K09842, K11817, K22417	#76d3ee
K08057	#76d3ee
K01179	#76d3ee
K14638	#76d3ee
K09284	#76d3ee
K15336	#76d3ee
K20359	#76d3ee
K08679	#76d3ee
K10775, K13064	#76d3ee
K20178	#76d3ee
K15746	#36bee6
K07195	#76d3ee
K09285	#76d3ee
K10775, K13064	#76d3ee
K10775, K13064	#76d3ee
K13679	#36bee6
K09286	#76d3ee
K09284	#56c9ea
K08332	#56c9ea
K22312	#56c9ea
K00083	#76d3ee
K21915, K21953	#76d3ee
K01537	#76d3ee
K17893	#76d3ee
K05857	#76d3ee
K09667	#76d3ee
K13414	#76d3ee
K09287	#56c9ea
K07375	#76d3ee
K22133	#56c9ea
K08900	#76d3ee
K03526	#76d3ee
K18730	#76d3ee
K13095	#76d3ee
K03152	#76d3ee
K20924	#56c9ea
K01904	#56c9ea
K17906	#76d3ee
K10590	#76d3ee
K14638	#76d3ee
K12897	#76d3ee
K00889	#76d3ee
K18758	#76d3ee
K02184	#76d3ee
K00784	#76d3ee
K03797	#76d3ee
K17987	#76d3ee
K02958	#76d3ee
K19525	#76d3ee
K20867	#56c9ea
K01183	#56c9ea
K21374	#56c9ea
K15397	#76d3ee
K13420	#56c9ea
K14503	#76d3ee
K11262	#76d3ee
K17470	#76d3ee
K01537	#76d3ee
K03327	#76d3ee
K04733	#76d3ee
K04733	#76d3ee
K08472	#76d3ee
K12611	#76d3ee
K04733	#76d3ee
K21867	#76d3ee
K09580	#76d3ee
K10268	#76d3ee
K04733	#76d3ee
K14487, K14506	#56c9ea
K22246	#76d3ee
K08869	#56c9ea
K05857	#56c9ea
K13412	#76d3ee
K10949	#76d3ee
K13210	#76d3ee
K12261	#76d3ee
K09872	#76d3ee
K19613	#56c9ea
K07385, K12467, K12742, K18108, K19968, K21925	#56c9ea
K21773	#76d3ee
K14802	#76d3ee
K10589	#76d3ee
K10589	#76d3ee
K10525	#56c9ea
K11446	#76d3ee
K17871	#76d3ee
K03327	#76d3ee
K05278	#56c9ea
K10529	#56c9ea
K07428, K10717, K20660	#76d3ee
K14503	#76d3ee
K09286	#56c9ea
K10352	#76d3ee
K00383	#76d3ee
K13464	#56c9ea
K07195	#76d3ee
K10144	#76d3ee
K03580, K11643, K14435	#76d3ee
K03671	#76d3ee
K14664	#56c9ea
K00454, K15718	#76d3ee
K05925	#76d3ee
K10775, K13064	#76d3ee
K10357	#76d3ee
K12856	#76d3ee
K20305	#76d3ee
K08770	#76d3ee
K11644	#76d3ee
K00128	#76d3ee
K14009	#56c9ea
K11820, K13691	#56c9ea
K11820, K13691	#76d3ee
K11820, K13691	#76d3ee
K20843	#76d3ee
K20043, K20044	#76d3ee
K00789	#76d3ee
K03403	#76d3ee
K16240	#76d3ee
K00465	#76d3ee
K15170	#76d3ee
K00465	#76d3ee
K18643	#76d3ee
K06689	#76d3ee
K08330	#76d3ee
K13963	#76d3ee
K11446	#76d3ee
K14317	#76d3ee
K12412	#56c9ea
K15199	#76d3ee
K01102	#76d3ee
K11000	#76d3ee
K13156	#76d3ee
K14487, K14506	#76d3ee
K00021	#76d3ee
K00654	#76d3ee
K10256, K21704, K21736	#56c9ea
K17839	#76d3ee
K09872	#56c9ea
K00699, K18822	#76d3ee
K05665, K05666	#76d3ee
K22390	#76d3ee
K11366	#76d3ee
K16226	#76d3ee
K08235	#56c9ea
K01858	#76d3ee
K22395	#76d3ee
K00854	#76d3ee
K10523	#76d3ee
K13680	#76d3ee
K08900	#1ab2df
K14484	#76d3ee
K07192	#56c9ea
K14638	#76d3ee
K20536	#56c9ea
K19476	#76d3ee
K12392, K16281	#76d3ee
K00966	#56c9ea
K10960	#76d3ee
K15397	#76d3ee
K14948	#76d3ee
K10396	#76d3ee
K15397	#76d3ee
K11855	#76d3ee
K01859	#76d3ee
K03004	#76d3ee
K00660	#56c9ea
K10635, K19041	#76d3ee
K14491	#76d3ee
K15559	#76d3ee
K00006	#56c9ea
K14638	#76d3ee
K19525	#76d3ee
K09338	#76d3ee
K21842	#76d3ee
K07562	#76d3ee
K08832	#76d3ee
K14945	#76d3ee
K00487	#76d3ee
K15502	#76d3ee
K17098	#76d3ee
K19042	#76d3ee
K09842, K11817, K22417	#76d3ee
K22262	#76d3ee
K00559	#76d3ee
K00928, K17964	#76d3ee
K10352	#76d3ee
K01087	#76d3ee
K19861	#76d3ee
K03696	#36bee6
K10717, K20660	#76d3ee
K02183	#76d3ee
K11247	#76d3ee
K11267	#76d3ee
K08900	#56c9ea
K14376	#56c9ea
K06689	#56c9ea
K14487, K14506	#76d3ee
K01537	#56c9ea
K11866	#76d3ee
K09875	#76d3ee
K08679	#76d3ee
K07437	#76d3ee
K20799	#76d3ee
K15305	#76d3ee
K09580	#76d3ee
K10352	#76d3ee
K01674	#56c9ea
K08900, K14692	#76d3ee
K04733	#56c9ea
K12825	#76d3ee
K09284	#76d3ee
K14489	#76d3ee
K00924	#76d3ee
K19477	#76d3ee
K13648	#76d3ee
K04421	#76d3ee
K13423, K13424	#56c9ea
K00924, K04733	#76d3ee
K19986	#76d3ee
K19986	#76d3ee
K19986	#76d3ee
K19986	#76d3ee
K01126	#76d3ee
K20181	#76d3ee
K13459	#76d3ee
K00284	#76d3ee
K09832	#56c9ea
K03043	#56c9ea
K02705	#76d3ee
K02690	#56c9ea
K02689	#56c9ea
K10393	#76d3ee
K12492	#76d3ee
K01051	#76d3ee
K13113, K14964	#76d3ee
K01810	#76d3ee
K03006	#76d3ee
K20043	#76d3ee
K14963	#76d3ee
K19476	#76d3ee
K14638	#76d3ee
K14505	#76d3ee
K05747	#76d3ee
K20353	#76d3ee
K20353	#56c9ea
K09753	#76d3ee
K19761	#56c9ea
K12133, K12134	#36bee6
K01611	#76d3ee
K13648, K20867	#76d3ee
K13459, K13460, K20599	#76d3ee
K21026	#56c9ea
K20032	#76d3ee
K19613	#56c9ea
K20888	#76d3ee
K02945, K20279	#76d3ee
K20478	#76d3ee
K00422	#76d3ee
K00422	#76d3ee
K14326	#76d3ee
K16280	#76d3ee
K14972	#76d3ee
K10406	#76d3ee
K20478	#76d3ee
K15442	#56c9ea
K14317	#76d3ee
K05658	#76d3ee
K13447	#56c9ea
K04567	#76d3ee
K13459	#76d3ee
K20924	#56c9ea
K10374	#76d3ee
K12386	#76d3ee
K14272	#76d3ee
K10999	#56c9ea
K20102	#76d3ee
K00430	#76d3ee
K16055	#56c9ea
K11855	#76d3ee
K08869	#76d3ee
K14802	#76d3ee
K08486	#56c9ea
K00924	#56c9ea
K19476	#76d3ee
K20241	#76d3ee
K14802	#76d3ee
K15397	#76d3ee
K07195	#76d3ee
K08509, K18211	#76d3ee
K08910	#56c9ea
K10257	#76d3ee
K13448	#76d3ee
K08867	#76d3ee
K12655	#76d3ee
K20893	#76d3ee
K08738	#76d3ee
K15109	#76d3ee
K20359	#76d3ee
K00512	#76d3ee
K13210	#76d3ee
K10277	#76d3ee
K20403	#76d3ee
K03327	#76d3ee
K01754	#76d3ee
K01507	#76d3ee
K01904	#76d3ee
K01179	#76d3ee
K13424	#76d3ee
K01530, K14802	#56c9ea
K05402	#56c9ea
K12493	#76d3ee
K07761, K07999	#76d3ee
K09338	#76d3ee
K10256, K21704, K21710, K21736	#56c9ea
K10624	#76d3ee
K14709	#76d3ee
K00901	#76d3ee
K16297	#76d3ee
K22312	#76d3ee
K11000	#76d3ee
K02492	#76d3ee
K00108, K21270	#56c9ea
K01641	#76d3ee
K11430	#76d3ee
K11367	#76d3ee
K03715	#76d3ee
K01051	#76d3ee
K19044	#76d3ee
K03787	#76d3ee
K19613	#76d3ee
K05359	#76d3ee
K19600	#76d3ee
K20777	#36bee6
K01051	#76d3ee
K09286	#76d3ee
K09286	#76d3ee
K09286, K13432, K14517	#76d3ee
K00660	#56c9ea
K20353	#76d3ee
K13413	#76d3ee
K08912	#76d3ee
K08912	#76d3ee
K16803	#76d3ee
K19882	#76d3ee
K04427	#56c9ea
K09284	#76d3ee
K12619, K20553	#76d3ee
K00383	#76d3ee
K14496	#76d3ee
K14648	#76d3ee
K00924	#56c9ea
K07198, K12761	#76d3ee
K08235	#76d3ee
K14398	#76d3ee
K09338	#76d3ee
K14493	#76d3ee
K21596	#76d3ee
K17506	#76d3ee
K22246	#76d3ee
K03549	#76d3ee
K16055	#76d3ee
K01610	#76d3ee
K02492	#76d3ee
K04733	#76d3ee
K00700	#36bee6
K01869	#76d3ee
K21989	#56c9ea
K06066	#76d3ee
K04733, K13420	#36bee6
K20359	#76d3ee
K03347	#76d3ee
K04733	#76d3ee
K08955	#76d3ee
K00873	#76d3ee
K09503	#76d3ee
K14317	#76d3ee
K08269	#76d3ee
K08238	#76d3ee
K06041	#76d3ee
K02690	#76d3ee
K02705	#76d3ee
K02689	#56c9ea
K00901	#76d3ee
K14514	#76d3ee
K14514	#76d3ee
K12471	#76d3ee
K01051	#76d3ee
K14500	#76d3ee
K11855	#76d3ee
K03006	#56c9ea
K14514	#76d3ee
K03377	#76d3ee
K18732	#76d3ee
K15208	#76d3ee
K13464	#36bee6
K20456	#76d3ee
