K03320	#e29182
K13407, K20768, K20769	#e29182
K13783	#e29182
K20623	#d45d48
K18045	#db7765
K01179	#d45d48
K13494, K13495	#ad3c28
K10581	#e29182
K14488	#e29182
K22013	#e29182
K01115	#d45d48
K10840, K16465	#db7765
K14686	#e29182
K00606	#e29182
K07428, K10717, K20660	#d45d48
K17506	#db7765
K03676	#e29182
K22427	#ca462e
K01590, K01649, K22427	#d45d48
K19363	#db7765
K13416	#d45d48
K03549	#e29182
K00815	#e29182
K13441	#e29182
K13441	#db7765
K13441	#db7765
K13441	#db7765
K21889	#e29182
K17294	#e29182
K17961	#e29182
K08900	#e29182
K14431	#e29182
K20858	#e29182
K17583	#e29182
K13525	#e29182
K13525	#e29182
K04733	#e29182
K09705	#e29182
K13448	#db7765
K06130	#e29182
K08511	#db7765
K00512, K07408, K14985	#ca462e
K08236	#e29182
K14509	#e29182
K09843	#e29182
K20043, K20044	#e29182
K18045	#e29182
K21354	#ca462e
K18723	#e29182
K07195	#e29182
K13495	#e29182
K03627	#ad3c28
K13416, K13417, K13418	#e29182
K07426	#db7765
K05389	#e29182
K09419	#db7765
K13494, K13495	#d45d48
K13494, K13495	#d45d48
K13993	#e29182
K08509, K18211	#db7765
K20854, K20855, K20856	#db7765
K14003	#e29182
K04733	#e29182
K15285	#db7765
K17871	#e29182
K10666	#e29182
K01054	#e29182
K14638	#e29182
K13412	#e29182
K00162	#e29182
K01581	#e29182
K15378	#e29182
K05391	#e29182
K01102	#e29182
K16040	#e29182
K04718	#e29182
K12486	#e29182
K08472	#db7765
K05933	#db7765
K05933	#ca462e
K05933	#ca462e
K01246	#e29182
K01051	#db7765
K16302	#e29182
K13495	#e29182
K14709	#e29182
K06617	#e29182
K13448	#db7765
K16286	#db7765
K15287	#e29182
K12448	#e29182
K00430	#e29182
K14423, K20028	#e29182
K09503	#e29182
K21374	#e29182
K10840	#db7765
K09422	#d45d48
K09422	#db7765
K04733	#e29182
K00430	#e29182
K02183, K10840, K16465	#e29182
K12448	#e29182
K07418	#e29182
K11982	#e29182
K04733	#d45d48
K20241	#e29182
K19038	#d45d48
K09286	#ca462e
K09286	#db7765
K13425, K13426	#db7765
K21630	#db7765
K00454, K15718	#e29182
K08235	#e29182
K00858	#db7765
K13494, K13495	#ca462e
K08057	#e29182
K20562	#ca462e
K20562	#ca462e
K04733	#e29182
K03327	#db7765
K07976	#e29182
K13448	#e29182
K05387	#db7765
K05387	#e29182
K05387	#ca462e
K08193	#d45d48
K18666	#e29182
K15397	#db7765
K04730	#d45d48
K13258	#db7765
K00166	#e29182
K04714	#db7765
K13993	#e29182
K13993	#e29182
K17479	#db7765
K10526	#e29182
K08332, K22499	#db7765
K13065	#e29182
K04733	#db7765
K03320	#ca462e
K00924	#db7765
K20714	#903221
K00799	#db7765
K00799	#ca462e
K00640	#db7765
K08232	#e29182
K10664	#ad3c28
K01537	#e29182
K01537	#e29182
K01537	#e29182
K04733	#e29182
K10664	#e29182
K22246	#e29182
K00750	#d45d48
K20725	#d45d48
K14184, K15795, K15799, K15803	#73281a
K14184, K15795, K15799, K15803	#73281a
K06067	#db7765
K05692	#e29182
K01183	#e29182
K01183	#db7765
K01183	#db7765
K11982	#e29182
K04421, K11229	#e29182
K15095	#ad3c28
K01772	#db7765
K07019, K13696	#e29182
K08967, K09419	#e29182
K15102	#d45d48
K11778	#e29182
K04125	#e29182
K09840	#e29182
K10666	#d45d48
K09286, K14517	#ca462e
K10527	#d45d48
K00626	#e29182
K14490	#e29182
K16282	#ad3c28
K00029	#db7765
K04125	#db7765
K14379	#e29182
K07976	#e29182
K13448	#db7765
K08237	#e29182
K13494, K13495	#d45d48
K10144	#db7765
K08900	#e29182
K08900	#e29182
K08900	#db7765
K18635	#e29182
K14488	#db7765
K13448	#db7765
K05933	#e29182
K00001	#e29182
K13051	#e29182
K10610	#e29182
K15115	#e29182
K06950	#e29182
K01681	#e29182
K09286	#e29182
K15404	#ca462e
K05666	#e29182
K00327	#e29182
K06269	#e29182
K04710	#ad3c28
K14295	#e29182
K14709	#e29182
K01176	#db7765
K18693	#e29182
K10418	#db7765
K04630	#db7765
K00430	#ad3c28
K01689	#e29182
K12637	#e29182
K00021	#e29182
K20725	#e29182
K09419	#e29182
K03327	#db7765
K20623	#db7765
K00799	#db7765
K07977	#e29182
K18588	#e29182
K00799	#e29182
K01054	#db7765
K18819	#db7765
K19042	#e29182
K09597	#e29182
K13354	#e29182
K20279	#e29182
K00512, K07418, K15472	#903221
K01240	#e29182
K07562	#e29182
K01087	#e29182
K05359	#db7765
K00134	#e29182
K08176	#db7765
K00799	#db7765
K01183	#db7765
K01183	#d45d48
K01183	#d45d48
K00033	#e29182
K09756, K16296	#e29182
K13065	#e29182
K13993	#e29182
K07904, K07905, K07976	#e29182
K09264	#e29182
K19613	#e29182
K12198	#e29182
K17808	#e29182
K13448	#db7765
K07874	#e29182
K15283	#e29182
K03809	#e29182
K01193	#d45d48
K07198, K12761	#e29182
K00122	#e29182
K10635	#e29182
K11584	#e29182
K03006	#db7765
K11644	#e29182
K20168	#e29182
K04371, K04464, K20600	#e29182
K01988	#ca462e
K10717, K20660	#d45d48
K07428, K10717, K20660	#db7765
K02303	#e29182
K14488	#e29182
K14488	#e29182
K14488	#e29182
K14638	#e29182
K07605	#e29182
K14638	#e29182
K08770	#e29182
K07195	#e29182
K09422	#e29182
K15078, K19613	#e29182
K04733	#e29182
K04730	#e29182
K13424	#ad3c28
K22246	#db7765
K03809	#e29182
K13422	#e29182
K06268	#e29182
K15227	#ca462e
K08900	#db7765
K13464	#e29182
K04688	#e29182
K04733	#ca462e
K13508	#db7765
K08900	#ca462e
K00128, K12355	#db7765
K01193, K20849	#e29182
K04506	#e29182
K00873	#e29182
K17279	#e29182
K17479	#e29182
K00074	#e29182
K17506	#e29182
K00814	#e29182
K07195	#d45d48
K01807	#e29182
K01102	#db7765
K01106, K20278, K20279	#e29182
K13412	#e29182
K01193	#d45d48
K13466	#d45d48
K13459, K13460, K20599	#e29182
K01206	#e29182
K13456	#db7765
K09338	#e29182
K09286	#e29182
K00951	#e29182
K02183	#ca462e
K03116, K12761	#db7765
K00799	#e29182
K21867	#e29182
K15104	#db7765
K03301	#e29182
K17508	#e29182
K17535	#e29182
K10355	#db7765
K19044	#e29182
K07513	#db7765
K13459, K13460, K20599	#db7765
K09414, K09419	#ca462e
K06965	#e29182
K00279	#e29182
K09286	#e29182
K13525	#e29182
K08857	#e29182
K02183, K13448	#d45d48
K14684	#e29182
K03242	#e29182
K11968	#e29182
K09680	#db7765
K01648	#d45d48
K00423	#ca462e
K20858	#e29182
K20858	#e29182
K04733, K13420	#e29182
K18875	#e29182
K04459, K21278	#e29182
K14516	#d45d48
K01102	#db7765
K09419	#e29182
K04733	#e29182
K10666	#e29182
K14184, K15795, K15799, K15803	#903221
K21374	#db7765
K01953	#e29182
K17506	#e29182
K09481	#e29182
K08472	#db7765
K05857	#e29182
K20855	#e29182
K15109	#d45d48
K21354	#db7765
K21354	#e29182
K16226	#ca462e
K00512	#ad3c28
K01723, K17874	#903221
K09286	#e29182
K04079	#e29182
K07195	#e29182
K18880	#db7765
K10775, K13064	#d45d48
K10775, K13064	#e29182
K10775, K13064	#d45d48
K14803	#e29182
K13456	#e29182
K20720, K20721, K20723	#e29182
K21915, K21953	#d45d48
K08900	#e29182
K14638	#db7765
K17893	#db7765
K17893	#903221
K16282	#e29182
K09419	#e29182
K13414	#e29182
K00512, K07418, K15472	#e29182
K09287	#e29182
K22133	#db7765
K08900	#e29182
K08472	#e29182
K00512, K07418, K15472	#ca462e
K14184, K15795, K15799, K15803	#73281a
K09422	#e29182
K15191	#e29182
K11816	#e29182
K01537	#e29182
K01537	#e29182
K01674	#db7765
K00924	#e29182
K01183	#db7765
K01183	#db7765
K00737	#e29182
K13258	#e29182
K22390	#e29182
K00430	#e29182
K12815	#e29182
K00083	#d45d48
K14515	#e29182
K09527	#d45d48
K01785	#e29182
K04733	#e29182
K08472	#db7765
K08081	#d45d48
K00430	#e29182
K00430	#e29182
K04733	#e29182
K07874	#e29182
K19476	#ca462e
K01784	#e29182
K08900	#e29182
K01590, K01649, K22427	#73281a
K22246	#d45d48
K12818	#e29182
K12818	#e29182
K09338	#e29182
K08900	#db7765
K04733	#db7765
K04733	#e29182
K11699	#db7765
K12581	#db7765
K13065	#e29182
K11290, K11778	#e29182
K07766	#e29182
K13448	#d45d48
K18696	#db7765
K07195	#e29182
K21915, K21953	#e29182
K04733	#db7765
K14802	#d45d48
K09286, K13433	#ca462e
K13457	#e29182
K11446	#db7765
K17871	#e29182
K12192	#e29182
K00942	#e29182
K10529	#e29182
K13429	#e29182
K13429	#e29182
K07428, K10717, K20660	#db7765
K04733	#e29182
K04733	#e29182
K04733	#e29182
K14503	#e29182
K01006	#e29182
K04733, K13420	#e29182
K17686	#e29182
K09422	#db7765
K00454, K15718	#ca462e
K04730, K04733, K13420	#e29182
K08332	#db7765
K08486	#ad3c28
K00588	#ad3c28
K00588	#e29182
K00588	#903221
K21867	#e29182
K00850	#e29182
K14496	#e29182
K09286	#e29182
K22378	#ca462e
K00430	#903221
K00430	#d45d48
K00430	#ad3c28
K00430	#ad3c28
K13448	#db7765
K08770	#e29182
K00472, K09422	#e29182
K13448	#db7765
K05933	#e29182
K20843	#e29182
K22390	#e29182
K13425	#e29182
K01183	#db7765
K07428, K10717, K20660	#db7765
K03265	#e29182
K16282	#d45d48
K00869	#e29182
K01648	#e29182
K10666	#e29182
K20665	#e29182
K00924, K04733	#e29182
K04733	#e29182
K09514	#e29182
K00036	#e29182
K00750	#ca462e
K02260	#e29182
K08900	#e29182
K14484	#e29182
K00799	#e29182
K20843	#db7765
K03231	#e29182
K20536	#db7765
K13699	#e29182
K16675	#db7765
K03283	#e29182
K15292	#e29182
K06628	#db7765
K06628	#db7765
K13347, K13348	#db7765
K00279	#db7765
K09874	#e29182
K03327	#e29182
K03676	#e29182
K08900	#d45d48
K09422	#db7765
K00326	#e29182
K09480	#e29182
K06682, K07976	#e29182
K20359	#e29182
K20359	#e29182
K10717, K20660	#e29182
K10717, K20660	#e29182
K10717, K20660	#e29182
K10717, K20660	#e29182
K08900	#d45d48
K18873	#e29182
K06689	#e29182
K01537	#e29182
K10666	#db7765
K00430	#ca462e
K22376	#e29182
K09419	#e29182
K13354	#e29182
K04733	#ca462e
K04733	#903221
K04733	#e29182
K07766	#e29182
K08472	#db7765
K10256, K21704, K21710, K21736	#ca462e
K04733	#db7765
K01762, K20772	#db7765
K01762, K20772	#e29182
K07025	#e29182
K08145	#e29182
K13423, K13424	#e29182
K06911	#e29182
K20562	#ca462e
K10268, K10273	#db7765
K00021	#d45d48
K10781	#e29182
K09832	#e29182
K12236	#e29182
K08486	#e29182
K00512, K07408, K07409, K07418	#e29182
K01537	#e29182
K19476	#e29182
K14492	#db7765
K04125	#e29182
K13335	#e29182
K15277	#db7765
K17506	#db7765
K13448	#db7765
K14432	#d45d48
K00318	#e29182
K12581	#db7765
K14011	#e29182
K08900	#e29182
K11805	#e29182
K03327	#e29182
K02370	#db7765
K09419	#e29182
K08900	#db7765
K20032	#e29182
K19517	#db7765
K19613	#e29182
K09286	#e29182
K16280	#e29182
K19861	#db7765
K15104	#d45d48
K05658	#e29182
K00915, K11251	#d45d48
K13447	#d45d48
K19038	#d45d48
K00820	#e29182
K10664	#db7765
K12386	#e29182
K06890	#e29182
K01580	#ca462e
K00512, K07418, K15472	#ca462e
K00512, K07418, K15472	#903221
K21843	#e29182
K10406	#db7765
K00799	#ca462e
K08486	#e29182
K19476	#e29182
K20547	#e29182
K20547	#d45d48
K08509, K18211	#e29182
K13448	#e29182
K13993	#e29182
K21596	#e29182
K21596	#e29182
K21354	#d45d48
K14431	#e29182
K13448	#e29182
K13508	#e29182
K06124, K13248	#e29182
K10418	#e29182
K15777	#e29182
K08819	#e29182
K01823	#db7765
K01904	#e29182
K13494, K13495	#db7765
K18134	#d45d48
K01530, K14802	#d45d48
K05402	#e29182
K07761, K07999	#ca462e
K10256, K21704, K21710, K21736	#ad3c28
K15404	#d45d48
K10256, K21704, K21710, K21736	#903221
K10256, K21704, K21710, K21736	#ad3c28
K10256, K21704, K21710, K21736	#ad3c28
K10256, K21704, K21710, K21736	#ca462e
K10256, K21704, K21710, K21736	#d45d48
K13448	#d45d48
K20556	#e29182
K09377	#e29182
K05658	#e29182
K00901	#e29182
K09518	#e29182
K04716	#e29182
K01918	#e29182
K02492	#db7765
K19043	#e29182
K13993	#e29182
K01641	#e29182
K15227	#db7765
K04354, K07393, K20174	#e29182
K01597	#e29182
K04733	#d45d48
K05359	#e29182
K03574, K20986	#db7765
K13648	#e29182
K01578	#e29182
K06185	#e29182
K09286	#db7765
K09286, K13432, K14517	#e29182
K00799	#e29182
K15084	#e29182
K00434	#e29182
K17805	#e29182
K01054	#db7765
K00924	#e29182
K00939	#db7765
K13448	#d45d48
K13258	#e29182
K03676	#e29182
K17506	#e29182
K22246	#e29182
K14709	#db7765
K07893	#e29182
K13434	#d45d48
K04733	#db7765
K16253	#e29182
K13429	#e29182
K04730, K04733, K13420	#e29182
K14487	#d45d48
K20368	#db7765
K08900	#e29182
K04713	#d45d48
K04733	#e29182
K13496	#ca462e
K06617	#e29182
K08900	#d45d48
K08900	#e29182
K09503	#e29182
K08679	#e29182
K03006	#e29182
K14514	#e29182
K08332	#d45d48
K00799	#e29182
K00021	#d45d48
K13495	#56c9ea
K07964, K20027	#76d3ee
K16812	#76d3ee
K11253	#76d3ee
K11253	#76d3ee
K02931	#76d3ee
K00507, K20416	#76d3ee
K15032	#76d3ee
K05681	#36bee6
K12882	#76d3ee
K20102	#76d3ee
K03768	#76d3ee
K20547	#56c9ea
K01381	#36bee6
K00384	#76d3ee
K15747	#76d3ee
K10523	#76d3ee
K14485	#76d3ee
K04733	#76d3ee
K05391	#76d3ee
K17710	#76d3ee
K04035	#76d3ee
K00799	#76d3ee
K01246	#76d3ee
K02221	#76d3ee
K14826	#76d3ee
K03768	#56c9ea
K20893	#76d3ee
K13494, K13495	#56c9ea
K07513	#76d3ee
K20718	#76d3ee
K07760	#76d3ee
K02704	#76d3ee
K14488	#76d3ee
K01179	#76d3ee
K10143	#76d3ee
K13459, K13460, K20599	#76d3ee
K15285	#76d3ee
K15920	#76d3ee
K10401	#76d3ee
K11253	#76d3ee
K08488	#76d3ee
K03320	#56c9ea
K09422	#76d3ee
K21734, K21737	#76d3ee
K13066	#76d3ee
K13494, K13495	#76d3ee
K01307	#76d3ee
K02184	#76d3ee
K07393	#76d3ee
K10400	#76d3ee
K20718	#76d3ee
K10352	#76d3ee
K12121	#76d3ee
K09872	#76d3ee
K03319	#76d3ee
K04733	#76d3ee
K11752	#76d3ee
K11821, K22321	#76d3ee
K09837	#76d3ee
K08907	#76d3ee
K08907	#76d3ee
K15283	#76d3ee
K02935	#76d3ee
K14505	#76d3ee
K00688	#76d3ee
K05350	#76d3ee
K04565	#56c9ea
K14164	#76d3ee
K10352	#76d3ee
K00218	#76d3ee
K03043	#56c9ea
K10352	#76d3ee
K15032	#76d3ee
K04077	#76d3ee
K01662	#76d3ee
K11274	#76d3ee
K10398	#76d3ee
K20628	#76d3ee
K02221	#76d3ee
K02990	#76d3ee
K07574	#76d3ee
K13459, K13460, K20599	#76d3ee
K13459, K13460, K20599	#76d3ee
K13459, K13460, K20599	#76d3ee
K11254	#76d3ee
K14499	#76d3ee
K04733	#76d3ee
K02982	#76d3ee
K02874	#76d3ee
K02704	#76d3ee
K03424	#76d3ee
K18416, K18418	#76d3ee
K20069	#76d3ee
K10398	#76d3ee
K09756, K16296	#76d3ee
K11252	#76d3ee
K01379, K01381	#76d3ee
K15502	#76d3ee
K21734, K21737	#56c9ea
K00975	#76d3ee
K07374	#76d3ee
K18443	#76d3ee
K10352	#76d3ee
K00231	#76d3ee
K10728	#76d3ee
K04733	#76d3ee
K08237	#76d3ee
K01845	#76d3ee
K13946	#76d3ee
K21889	#76d3ee
K09590	#36bee6
K03386	#76d3ee
K20478	#76d3ee
K09841	#76d3ee
K11778	#76d3ee
K00121	#76d3ee
K04078	#76d3ee
K02206	#76d3ee
K04733	#76d3ee
K08900	#76d3ee
K09880, K16054	#76d3ee
K01051	#76d3ee
K01638	#56c9ea
K19202	#76d3ee
K13789	#76d3ee
K01051	#76d3ee
K15601	#76d3ee
K10994	#76d3ee
K00852	#76d3ee
K01188	#76d3ee
K01188	#76d3ee
K20478	#76d3ee
K00927	#76d3ee
K00927	#56c9ea
K15161	#76d3ee
K11821, K22321	#76d3ee
K03404	#76d3ee
K07018	#76d3ee
K15382	#76d3ee
K08857	#56c9ea
K02541	#56c9ea
K08235	#76d3ee
K00512	#76d3ee
K00512	#76d3ee
K01051	#56c9ea
K03428	#56c9ea
K10807	#76d3ee
K15707	#76d3ee
K01802	#76d3ee
K11252	#76d3ee
K15397	#76d3ee
K00799	#76d3ee
K02295	#76d3ee
K02716	#76d3ee
K00703	#76d3ee
K08912	#76d3ee
K08912	#56c9ea
K08912	#56c9ea
K11251	#76d3ee
K08914	#76d3ee
K04733	#76d3ee
K05909	#76d3ee
K13600	#76d3ee
K02867	#76d3ee
K03093	#76d3ee
K01581	#56c9ea
K03164	#56c9ea
K13496	#76d3ee
K13496	#76d3ee
K14407	#76d3ee
K02888	#76d3ee
K21630	#76d3ee
K01412	#76d3ee
K19035	#76d3ee
K01507	#76d3ee
K08901	#76d3ee
K14754, K17065	#76d3ee
K02639	#76d3ee
K04733	#76d3ee
K14424	#76d3ee
K11251	#76d3ee
K01728	#56c9ea
K08910	#76d3ee
K16222	#76d3ee
K16584	#76d3ee
K00604	#76d3ee
K20000	#76d3ee
K02111	#76d3ee
K02110, K02155, K02919	#76d3ee
K02357	#76d3ee
K19073	#76d3ee
K14760	#76d3ee
K03687	#76d3ee
K09756, K16296	#76d3ee
K14759	#76d3ee
K13495	#56c9ea
K13495	#76d3ee
K03006	#76d3ee
K02717	#76d3ee
K14423	#76d3ee
K20642	#76d3ee
K17525	#76d3ee
K02717	#76d3ee
K11294	#76d3ee
K17756	#76d3ee
K03453	#76d3ee
K06228	#76d3ee
K00611	#56c9ea
K10400	#76d3ee
K01206	#76d3ee
K08908	#76d3ee
K16732	#76d3ee
K03545	#76d3ee
K04078	#76d3ee
K03327	#76d3ee
K09419	#76d3ee
K20887	#76d3ee
K03106	#76d3ee
K03695	#76d3ee
K01759	#76d3ee
K02996	#76d3ee
K10206	#76d3ee
K00640	#76d3ee
K02946	#76d3ee
K20628	#76d3ee
K05298	#76d3ee
K01939	#76d3ee
K18577	#76d3ee
K00940	#56c9ea
K17943	#56c9ea
K10534	#76d3ee
K03327	#76d3ee
K02721	#76d3ee
K11271	#76d3ee
K15404	#76d3ee
K13146, K13420	#76d3ee
K02717	#76d3ee
K12657	#76d3ee
K06129	#76d3ee
K14492	#76d3ee
K06677	#76d3ee
K08916	#76d3ee
K02689	#76d3ee
K02694	#76d3ee
K02694	#76d3ee
K21374	#76d3ee
K01166	#76d3ee
K01166	#76d3ee
K10664	#76d3ee
K08902	#56c9ea
K20623	#76d3ee
K20623	#76d3ee
K11253	#76d3ee
K11251	#76d3ee
K20562	#76d3ee
K03695	#76d3ee
K15422	#76d3ee
K13495	#76d3ee
K19891	#76d3ee
K01602	#76d3ee
K05747	#76d3ee
K10400	#76d3ee
K12617	#76d3ee
K09422	#76d3ee
K21989	#76d3ee
K01188, K05349	#76d3ee
K09842, K11817, K22417	#76d3ee
K03013	#76d3ee
K13126	#76d3ee
K01867	#76d3ee
K20283	#76d3ee
K01537	#76d3ee
K20417	#76d3ee
K02212	#76d3ee
K04079	#76d3ee
K09756, K16296	#76d3ee
K02916	#76d3ee
K22312	#56c9ea
K22312	#76d3ee
K01728	#76d3ee
K02968	#76d3ee
K12735	#76d3ee
K15032	#56c9ea
K08900	#56c9ea
K00799	#76d3ee
K01792	#76d3ee
K03086	#76d3ee
K03255	#76d3ee
K20619	#76d3ee
K14485	#76d3ee
K01051	#56c9ea
K00485	#76d3ee
K12124	#76d3ee
K02209, K11592	#76d3ee
K08912, K08913	#76d3ee
K01599	#76d3ee
K01599	#76d3ee
K01802	#76d3ee
K08912	#76d3ee
K08912	#76d3ee
K14611	#56c9ea
K16055	#76d3ee
K05298	#76d3ee
K02356	#76d3ee
K01179	#76d3ee
K02926	#76d3ee
K02884	#76d3ee
K14487, K14506	#76d3ee
K11253	#76d3ee
K02690	#76d3ee
K16297	#76d3ee
K01669	#76d3ee
K10257	#76d3ee
K02721	#76d3ee
K12259	#76d3ee
K00962	#76d3ee
K02881	#76d3ee
K19032	#76d3ee
K02295	#76d3ee
K20891	#76d3ee
K00891	#76d3ee
K15397	#76d3ee
K22455	#76d3ee
K15032	#76d3ee
K04712	#76d3ee
K12177, K19199	#76d3ee
K05016	#76d3ee
K00630	#76d3ee
K14485	#76d3ee
K08332	#76d3ee
K01653	#76d3ee
K12373	#76d3ee
K02867	#76d3ee
K11294	#76d3ee
K00430	#76d3ee
K03405	#76d3ee
K10352	#76d3ee
K02914	#76d3ee
K14181, K15803, K22064, K22065	#76d3ee
K14484	#76d3ee
K09873	#56c9ea
K02320	#76d3ee
K02723	#76d3ee
K10739	#76d3ee
K07007	#76d3ee
K00006	#76d3ee
K11252	#76d3ee
K03403	#76d3ee
K15032	#56c9ea
K08908	#76d3ee
K17943	#76d3ee
K08914	#76d3ee
K17756	#76d3ee
K08901	#76d3ee
K02982	#76d3ee
K07760	#76d3ee
K15377	#76d3ee
K08232	#76d3ee
K17508	#76d3ee
K08917	#56c9ea
K08917	#76d3ee
K16911	#76d3ee
K02548	#76d3ee
K02433	#76d3ee
K03363	#76d3ee
K01051	#76d3ee
K13680	#76d3ee
K10523	#76d3ee
K01802	#76d3ee
K05298	#76d3ee
K01728	#76d3ee
K17545	#76d3ee
K19001	#76d3ee
K09587	#76d3ee
K09587	#76d3ee
K03715	#76d3ee
K17943	#76d3ee
K11253	#56c9ea
K05909	#76d3ee
K13495	#76d3ee
K02638	#76d3ee
K08332	#76d3ee
K21777	#76d3ee
K10960	#76d3ee
K11699	#76d3ee
K01187, K15925	#76d3ee
K20720, K20721	#76d3ee
K08915	#76d3ee
K03564	#76d3ee
K01673	#76d3ee
K02935	#76d3ee
K01696	#76d3ee
K09955	#76d3ee
K02933	#76d3ee
K19034	#76d3ee
K08901	#76d3ee
K10395	#76d3ee
K07408, K07418	#76d3ee
K02639	#76d3ee
K15078, K19613	#76d3ee
K11251	#76d3ee
K00434	#76d3ee
K00991	#76d3ee
K13495	#76d3ee
K15919	#76d3ee
K00615	#76d3ee
K01179	#56c9ea
K10206	#76d3ee
K04730	#76d3ee
K00592	#76d3ee
K09422	#76d3ee
K18787	#76d3ee
K00083	#76d3ee
K02871	#76d3ee
K02690	#76d3ee
K02108, K03046	#76d3ee
K03043	#76d3ee
K02690	#76d3ee
K02689	#76d3ee
K01358	#76d3ee
K01102, K17500	#76d3ee
K03691	#76d3ee
K00924	#76d3ee
K02540	#76d3ee
K19032	#76d3ee
K03500	#76d3ee
K15015	#76d3ee
K03797	#76d3ee
K04508	#76d3ee
K01866	#76d3ee
K06627	#76d3ee
K02952	#76d3ee
K05658	#76d3ee
K01595	#76d3ee
K13459, K13460, K20599	#76d3ee
K14485	#76d3ee
K11251	#76d3ee
K08857	#76d3ee
K11294	#76d3ee
K00382	#76d3ee
K10528	#76d3ee
K01728	#76d3ee
K08905	#76d3ee
K02879	#76d3ee
K02639	#56c9ea
K04733	#76d3ee
K17964	#76d3ee
K14485	#76d3ee
K08332	#76d3ee
K06173	#76d3ee
K01455	#76d3ee
K07408, K13227, K13493	#76d3ee
K12837	#76d3ee
K19788	#76d3ee
K01749	#56c9ea
K02699	#76d3ee
K09422	#56c9ea
K00218	#36bee6
K01661	#76d3ee
K02704	#76d3ee
K01883	#76d3ee
K19791	#56c9ea
K08910	#36bee6
K15502, K15503	#76d3ee
K13947	#76d3ee
K05929	#76d3ee
K10405	#76d3ee
K08235	#76d3ee
K08235	#76d3ee
K02689	#76d3ee
K17098	#76d3ee
K21554	#76d3ee
K18812	#56c9ea
K01754	#76d3ee
K00512, K13260	#56c9ea
K01179	#76d3ee
K20642	#76d3ee
K00026	#76d3ee
K11253	#76d3ee
K01379	#76d3ee
K14505	#76d3ee
K08857	#76d3ee
K19791	#76d3ee
K17046	#76d3ee
K22312	#76d3ee
K01915	#76d3ee
K14424	#76d3ee
K10683	#76d3ee
K02542	#76d3ee
K08909	#76d3ee
K02552, K15040	#76d3ee
K13680	#76d3ee
K04733	#76d3ee
K17065	#76d3ee
K22013	#76d3ee
K09843	#76d3ee
K08912	#56c9ea
K08912	#56c9ea
K08912	#76d3ee
K08912	#56c9ea
K08912	#56c9ea
K08912	#56c9ea
K19882	#76d3ee
K21026	#76d3ee
K13993	#76d3ee
K01876	#76d3ee
K00485	#76d3ee
K10406	#76d3ee
K00422	#76d3ee
K01177	#76d3ee
K01687	#76d3ee
K10761	#76d3ee
K02492	#76d3ee
K14638	#76d3ee
K10802, K11296	#56c9ea
K11275	#76d3ee
K01869	#76d3ee
K00940	#76d3ee
K15032	#76d3ee
K17710	#76d3ee
K01599	#76d3ee
K02690	#76d3ee
K02689	#76d3ee
K02518, K02948, K03040	#76d3ee
K02704	#76d3ee
K02982	#76d3ee
K02874	#76d3ee
K02210	#76d3ee
K01188, K05349	#56c9ea
K14572, K14573, K16913	#76d3ee
K14572, K14573, K16913	#76d3ee
K14640	#76d3ee
K15032	#56c9ea
K11253	#76d3ee
K08235	#76d3ee
