K00454	#e29182
K09843	#e29182
K01761	#e29182
K13065	#e29182
K13065	#db7765
K17294	#e29182
K08900	#e29182
K08236	#e29182
K19040	#e29182
K13495	#e29182
K01723	#e29182
K01723	#e29182
K13066	#e29182
K05933	#e29182
K05933	#e29182
K01246	#e29182
K01051	#db7765
K19366	#e29182
K09286	#e29182
K08176	#e29182
K17839	#e29182
K02132	#db7765
K09422	#e29182
K21989	#db7765
K09753	#e29182
K13425, K13426	#e29182
K08236	#e29182
K02948	#db7765
K05387	#e29182
K05387	#db7765
K01180	#e29182
K18819	#e29182
K03320	#e29182
K22246	#e29182
K03327	#e29182
K15102	#e29182
K10666	#e29182
K04125	#e29182
K06268	#e29182
K13464	#e29182
K13494, K13495	#db7765
K14638	#e29182
K15014	#e29182
K13051	#e29182
K09286	#e29182
K01662	#e29182
K09338	#e29182
K00430	#db7765
K09419	#e29182
K13354	#e29182
K01507	#e29182
K01507	#e29182
K13464	#e29182
K05359	#e29182
K08176	#e29182
K01183	#e29182
K01183	#e29182
K14156	#e29182
K13065	#e29182
K04733	#e29182
K01193	#e29182
K01696	#e29182
K13407, K20768, K20769	#e29182
K13494, K13495	#e29182
K14487	#e29182
K13065	#e29182
K06268	#e29182
K15227	#e29182
K08900	#e29182
K13464	#e29182
K08900	#e29182
K15397	#e29182
K13356	#e29182
K04125	#e29182
K01106, K20278, K20279	#e29182
K01193	#e29182
K13466	#db7765
K09338	#e29182
K06611	#e29182
K10355	#e29182
K13993	#e29182
K02256	#db7765
K01904	#e29182
K08472	#e29182
K13412	#e29182
K09285	#e29182
K20556	#e29182
K20665	#e29182
K18886	#e29182
K20924	#db7765
K04733	#e29182
K01183	#e29182
K04730, K04733, K13420	#e29182
K15397	#e29182
K00430	#e29182
K13420	#e29182
K03327	#e29182
K17470, K17471	#e29182
K22246	#e29182
K12261	#e29182
K07385, K12467, K12742, K18108, K19968, K21925	#db7765
K09286	#e29182
K14664	#e29182
K09286	#db7765
K00588	#e29182
K00588	#e29182
K09754	#e29182
K22378	#e29182
K04733	#e29182
K00430	#db7765
K00430	#db7765
K19861	#db7765
K00279	#e29182
K12412	#e29182
K20665	#db7765
K13496	#e29182
K01939	#e29182
K20624	#e29182
K08900	#e29182
K13459	#e29182
K06628	#e29182
K03327	#e29182
K21374	#e29182
K03696	#e29182
K09872	#e29182
K10666	#e29182
K00430	#db7765
K09875	#e29182
K09875	#e29182
K09832	#e29182
K04125	#e29182
K13448	#e29182
K19761	#e29182
K04730, K13428	#db7765
K16040	#e29182
K01580	#e29182
K04125	#e29182
K15397	#e29182
K14431	#e29182
K10256, K21704, K21710, K21736	#e29182
K10256, K21704, K21710, K21736	#e29182
K12471	#e29182
K20777	#e29182
K04427	#e29182
K14504	#e29182
K04733, K13420	#e29182
K14487	#e29182
K20716	#e29182
K00799	#e29182
K15208	#e29182
K15502	#e29182
K13352	#76d3ee
K10807	#76d3ee
K03320	#76d3ee
K05666	#76d3ee
K14488	#76d3ee
K20623	#76d3ee
K20562	#76d3ee
K13993	#56c9ea
K11593	#76d3ee
K18693	#76d3ee
K10736	#76d3ee
K08245	#76d3ee
K10418	#76d3ee
K20661, K20662	#76d3ee
K00876	#76d3ee
K07428, K10717, K20660	#76d3ee
K14488	#76d3ee
K09571	#76d3ee
K21026	#76d3ee
K00521	#76d3ee
K11982, K19041	#76d3ee
K20417	#76d3ee
K03255	#76d3ee
K00083	#76d3ee
K00968	#76d3ee
K13947	#56c9ea
K08775	#76d3ee
K15707	#76d3ee
K07192	#76d3ee
K10733	#76d3ee
K13430	#76d3ee
K19219	#76d3ee
K06627	#76d3ee
K19589	#76d3ee
K19861	#76d3ee
K18045	#76d3ee
K14508	#76d3ee
K09571	#76d3ee
